Receta,Ingrediente,Categoria,Ingrediente_Normalizado
Theriac Magna (Triaca de Andromachus),Opium,ACTIVO,Opium
Theriac Magna (Triaca de Andromachus),Trochisci de vipera,ACTIVO,Trochisci de vipera
Theriac Magna (Triaca de Andromachus),Squilla,ACTIVO,Squilla
Theriac Magna (Triaca de Andromachus),Hedychium,ACTIVO,Hedychium
Theriac Magna (Triaca de Andromachus),Castoreum,ACTIVO,Castoreum
Theriac Magna (Triaca de Andromachus),Nardus celtica,ACTIVO,Nardus celtica
Theriac Magna (Triaca de Andromachus),Petroselinum,ACTIVO,Petroselinum
Theriac Magna (Triaca de Andromachus),Phu/Valeriana,ACTIVO,Phu
Theriac Magna (Triaca de Andromachus),Amomum,ACTIVO,Amomum
Theriac Magna (Triaca de Andromachus),Acorus calamus,ACTIVO,Acorus calamus
Theriac Magna (Triaca de Andromachus),Hypericum,ACTIVO,Hypericum
Theriac Magna (Triaca de Andromachus),Gentiana,ACTIVO,Gentiana
Theriac Magna (Triaca de Andromachus),Aristolochia,ACTIVO,Aristolochia
Theriac Magna (Triaca de Andromachus),Opopanax,ACTIVO,Opopanax
Theriac Magna (Triaca de Andromachus),Sagapenum,ACTIVO,Sagapenum
Theriac Magna (Triaca de Andromachus),Galbanum,ACTIVO,Galbanum
Theriac Magna (Triaca de Andromachus),Balsamum,ACTIVO,Balsamum
Theriac Magna (Triaca de Andromachus),Styrax,ACTIVO,Styrax
Theriac Magna (Triaca de Andromachus),Terebinthina,ACTIVO,Terebinthina
Theriac Magna (Triaca de Andromachus),Bitumen judaicum,ACTIVO,Bitumen judaicum
Theriac Magna (Triaca de Andromachus),Crocus,ESPECIA,Crocus
Theriac Magna (Triaca de Andromachus),Zingiber,ESPECIA,Zingiber
Theriac Magna (Triaca de Andromachus),Cinnamomum,ESPECIA,Cinnamomum
Theriac Magna (Triaca de Andromachus),Piper longum,ESPECIA,Piper longum
Theriac Magna (Triaca de Andromachus),Piper nigrum,ESPECIA,Piper nigrum
Theriac Magna (Triaca de Andromachus),Myrrha,ESPECIA,Myrrha
Theriac Magna (Triaca de Andromachus),Olibanum,ESPECIA,Olibanum
Theriac Magna (Triaca de Andromachus),Casia,ESPECIA,Casia
Theriac Magna (Triaca de Andromachus),Costus,ESPECIA,Costus
Theriac Magna (Triaca de Andromachus),Anisi,ESPECIA,Anisi
Theriac Magna (Triaca de Andromachus),Foeniculum,ESPECIA,Foeniculum
Theriac Magna (Triaca de Andromachus),Daucus creticus,ESPECIA,Daucus creticus
Theriac Magna (Triaca de Andromachus),Mel despumatum,BASE,Mel despumatum
Theriac Magna (Triaca de Andromachus),Vinum,BASE,Vinum
Mithridatium,Opium,ACTIVO,Opium
Mithridatium,Castoreum,ACTIVO,Castoreum
Mithridatium,Nardus indica,ACTIVO,Nardus indica
Mithridatium,Nardus celtica,ACTIVO,Nardus celtica
Mithridatium,Gentiana,ACTIVO,Gentiana
Mithridatium,Aristolochia longa,ACTIVO,Aristolochia longa
Mithridatium,Aristolochia rotunda,ACTIVO,Aristolochia rotunda
Mithridatium,Hypericum,ACTIVO,Hypericum
Mithridatium,Sagapenum,ACTIVO,Sagapenum
Mithridatium,Opopanax,ACTIVO,Opopanax
Mithridatium,Acacia,ACTIVO,Acacia
Mithridatium,Gummi arabicum,ACTIVO,Gummi arabicum
Mithridatium,Hypocistis,ACTIVO,Hypocistis
Mithridatium,Stachys,ACTIVO,Stachys
Mithridatium,Thlaspi,ACTIVO,Thlaspi
Mithridatium,Daucus creticus,ACTIVO,Daucus creticus
Mithridatium,Crocus,ESPECIA,Crocus
Mithridatium,Zingiber,ESPECIA,Zingiber
Mithridatium,Cinnamomum,ESPECIA,Cinnamomum
Mithridatium,Piper longum,ESPECIA,Piper longum
Mithridatium,Piper nigrum,ESPECIA,Piper nigrum
Mithridatium,Myrrha,ESPECIA,Myrrha
Mithridatium,Costus,ESPECIA,Costus
Mithridatium,Casia,ESPECIA,Casia
Mithridatium,Anisi,ESPECIA,Anisi
Mithridatium,Petroselinum,ESPECIA,Petroselinum
Mithridatium,Foeniculum,ESPECIA,Foeniculum
Mithridatium,Cardamomum,ESPECIA,Cardamomum
Mithridatium,Mel despumatum,BASE,Mel despumatum
Mithridatium,Vinum,BASE,Vinum
Diascordium,Scordium,ACTIVO,Scordium
Diascordium,Opium,ACTIVO,Opium
Diascordium,Castoreum,ACTIVO,Castoreum
Diascordium,Galbanum,ACTIVO,Galbanum
Diascordium,Styrax,ACTIVO,Styrax
Diascordium,Bistorta,ACTIVO,Bistorta
Diascordium,Cinnamomum,ESPECIA,Cinnamomum
Diascordium,Piper longum,ESPECIA,Piper longum
Diascordium,Zingiber,ESPECIA,Zingiber
Diascordium,Rosa,ESPECIA,Rosa
Diascordium,Gentiana,ESPECIA,Gentiana
Diascordium,Dictamnus,ESPECIA,Dictamnus
Diascordium,Mel despumatum,BASE,Mel despumatum
Pillulae Cochiae,Colocynthis,ACTIVO,Colocynthis
Pillulae Cochiae,Aloe,ACTIVO,Aloe
Pillulae Cochiae,Scammonium,ACTIVO,Scammonium
Pillulae Cochiae,Staphisagria,ESPECIA,Staphisagria
Pillulae Cochiae,Bdellium,ESPECIA,Bdellium
Pillulae Cochiae,Succo absinthii,BASE,Succo absinthii
Pillulae Aureae,Aloe,ACTIVO,Aloe
Pillulae Aureae,Diagridium,ACTIVO,Diagridium
Pillulae Aureae,Mastix,ACTIVO,Mastix
Pillulae Aureae,Rosa,ACTIVO,Rosa
Pillulae Aureae,Crocus,ESPECIA,Crocus
Pillulae Aureae,Cinnamomum,ESPECIA,Cinnamomum
Pillulae Aureae,Succo absinthii,BASE,Succo absinthii
Unguentum Apostolorum,Aristolochia longa,ACTIVO,Aristolochia longa
Unguentum Apostolorum,Aristolochia rotunda,ACTIVO,Aristolochia rotunda
Unguentum Apostolorum,Opopanax,ACTIVO,Opopanax
Unguentum Apostolorum,Galbanum,ACTIVO,Galbanum
Unguentum Apostolorum,Bdellium,ACTIVO,Bdellium
Unguentum Apostolorum,Verdigris,ACTIVO,Verdigris
Unguentum Apostolorum,Litharge,ACTIVO,Litharge
Unguentum Apostolorum,Olibanum,ESPECIA,Olibanum
Unguentum Apostolorum,Myrrha,ESPECIA,Myrrha
Unguentum Apostolorum,Cera,BASE,Cera
Unguentum Apostolorum,Oleum olivarum,BASE,Oleum olivarum
Unguentum Apostolorum,Resina pini,BASE,Resina pini
Electuarium de Succo Rosarum,Rosa gallica,ACTIVO,Rosa gallica
Electuarium de Succo Rosarum,Senna,ACTIVO,Senna
Electuarium de Succo Rosarum,Tamarindus,ACTIVO,Tamarindus
Electuarium de Succo Rosarum,Viola,ACTIVO,Viola
Electuarium de Succo Rosarum,Cinnamomum,ESPECIA,Cinnamomum
Electuarium de Succo Rosarum,Zingiber,ESPECIA,Zingiber
Electuarium de Succo Rosarum,Anisi,ESPECIA,Anisi
Electuarium de Succo Rosarum,Saccharum,BASE,Saccharum
Aurea Alexandrina,Opium,ACTIVO,Opium
Aurea Alexandrina,Castoreum,ACTIVO,Castoreum
Aurea Alexandrina,Stachys,ACTIVO,Stachys
Aurea Alexandrina,Hypericum,ACTIVO,Hypericum
Aurea Alexandrina,Petroselinum,ACTIVO,Petroselinum
Aurea Alexandrina,Acorus calamus,ACTIVO,Acorus calamus
Aurea Alexandrina,Phu/Valeriana,ACTIVO,Phu
Aurea Alexandrina,Squilla,ACTIVO,Squilla
Aurea Alexandrina,Crocus,ESPECIA,Crocus
Aurea Alexandrina,Piper longum,ESPECIA,Piper longum
Aurea Alexandrina,Piper nigrum,ESPECIA,Piper nigrum
Aurea Alexandrina,Zingiber,ESPECIA,Zingiber
Aurea Alexandrina,Cinnamomum,ESPECIA,Cinnamomum
Aurea Alexandrina,Myrrha,ESPECIA,Myrrha
Aurea Alexandrina,Costus,ESPECIA,Costus
Aurea Alexandrina,Nardus,ESPECIA,Nardus
Aurea Alexandrina,Anisi,ESPECIA,Anisi
Aurea Alexandrina,Foeniculum,ESPECIA,Foeniculum
Aurea Alexandrina,Casia,ESPECIA,Casia
Aurea Alexandrina,Mel despumatum,BASE,Mel despumatum
Aurea Alexandrina,Vinum,BASE,Vinum
Aurea Alexandrina,Saccharum,BASE,Saccharum
Confectio Hamech,Polypodium,ACTIVO,Polypodium
Confectio Hamech,Epithymum,ACTIVO,Epithymum
Confectio Hamech,Fumaria,ACTIVO,Fumaria
Confectio Hamech,Lapis lazuli,ACTIVO,Lapis lazuli
Confectio Hamech,Myrobalanus indus,ACTIVO,Myrobalanus indus
Confectio Hamech,Myrobalanus citrinus,ACTIVO,Myrobalanus citrinus
Confectio Hamech,Myrobalanus kebulus,ACTIVO,Myrobalanus kebulus
Confectio Hamech,Senna,ACTIVO,Senna
Confectio Hamech,Rhabarbarum,ACTIVO,Rhabarbarum
Confectio Hamech,Zingiber,ESPECIA,Zingiber
Confectio Hamech,Anisi,ESPECIA,Anisi
Confectio Hamech,Rosa,ESPECIA,Rosa
Confectio Hamech,Cinnamomum,ESPECIA,Cinnamomum
Confectio Hamech,Saccharum,BASE,Saccharum
Confectio Hamech,Mel despumatum,BASE,Mel despumatum
Hiera Picra (Hiera de Galeno),Aloe,ACTIVO,Aloe
Hiera Picra (Hiera de Galeno),Xylobalsamum,ACTIVO,Xylobalsamum
Hiera Picra (Hiera de Galeno),Asarum,ACTIVO,Asarum
Hiera Picra (Hiera de Galeno),Nardus indica,ACTIVO,Nardus indica
Hiera Picra (Hiera de Galeno),Crocus,ACTIVO,Crocus
Hiera Picra (Hiera de Galeno),Mastix,ACTIVO,Mastix
Hiera Picra (Hiera de Galeno),Spica nardi,ACTIVO,Spica nardi
Hiera Picra (Hiera de Galeno),Cinnamomum,ESPECIA,Cinnamomum
Hiera Picra (Hiera de Galeno),Casia,ESPECIA,Casia
Hiera Picra (Hiera de Galeno),Mel despumatum,BASE,Mel despumatum
Trifera Magna,Opium,ACTIVO,Opium
Trifera Magna,Castoreum,ACTIVO,Castoreum
Trifera Magna,Euphorbia,ACTIVO,Euphorbia
Trifera Magna,Pyrethrum,ACTIVO,Pyrethrum
Trifera Magna,Staphisagria,ACTIVO,Staphisagria
Trifera Magna,Sagapenum,ACTIVO,Sagapenum
Trifera Magna,Opopanax,ACTIVO,Opopanax
Trifera Magna,Bdellium,ACTIVO,Bdellium
Trifera Magna,Nardus indica,ACTIVO,Nardus indica
Trifera Magna,Hypericum,ACTIVO,Hypericum
Trifera Magna,Amomum,ACTIVO,Amomum
Trifera Magna,Petroselinum,ACTIVO,Petroselinum
Trifera Magna,Squilla,ACTIVO,Squilla
Trifera Magna,Crocus,ESPECIA,Crocus
Trifera Magna,Piper longum,ESPECIA,Piper longum
Trifera Magna,Piper nigrum,ESPECIA,Piper nigrum
Trifera Magna,Piper album,ESPECIA,Piper album
Trifera Magna,Zingiber,ESPECIA,Zingiber
Trifera Magna,Cinnamomum,ESPECIA,Cinnamomum
Trifera Magna,Casia,ESPECIA,Casia
Trifera Magna,Costus,ESPECIA,Costus
Trifera Magna,Myrrha,ESPECIA,Myrrha
Trifera Magna,Galanga,ESPECIA,Galanga
Trifera Magna,Cardamomum,ESPECIA,Cardamomum
Trifera Magna,Cubeba,ESPECIA,Cubeba
Trifera Magna,Nux moschata,ESPECIA,Nux moschata
Trifera Magna,Mel despumatum,BASE,Mel despumatum
Trifera Magna,Vinum,BASE,Vinum
Diamargariton (Electuario de Perlas),Margarita (Perla),ACTIVO,Margarita
Diamargariton (Electuario de Perlas),Corallium rubrum,ACTIVO,Corallium rubrum
Diamargariton (Electuario de Perlas),Corallium album,ACTIVO,Corallium album
Diamargariton (Electuario de Perlas),Lapis lazuli,ACTIVO,Lapis lazuli
Diamargariton (Electuario de Perlas),Os de corde cervi,ACTIVO,Os de corde cervi
Diamargariton (Electuario de Perlas),Cornu cervi,ACTIVO,Cornu cervi
Diamargariton (Electuario de Perlas),Doronicum,ACTIVO,Doronicum
Diamargariton (Electuario de Perlas),Zedoaria,ACTIVO,Zedoaria
Diamargariton (Electuario de Perlas),Cinnamomum,ESPECIA,Cinnamomum
Diamargariton (Electuario de Perlas),Galanga,ESPECIA,Galanga
Diamargariton (Electuario de Perlas),Nux moschata,ESPECIA,Nux moschata
Diamargariton (Electuario de Perlas),Cubeba,ESPECIA,Cubeba
Diamargariton (Electuario de Perlas),Cardamomum,ESPECIA,Cardamomum
Diamargariton (Electuario de Perlas),Crocus,ESPECIA,Crocus
Diamargariton (Electuario de Perlas),Casia,ESPECIA,Casia
Diamargariton (Electuario de Perlas),Saccharum,BASE,Saccharum
Diaciminum (Electuario de Comino),Cuminum,ACTIVO,Cuminum
Diaciminum (Electuario de Comino),Apium,ACTIVO,Apium
Diaciminum (Electuario de Comino),Carum (Alcaravea),ACTIVO,Carum
Diaciminum (Electuario de Comino),Amomum,ACTIVO,Amomum
Diaciminum (Electuario de Comino),Daucus creticus,ACTIVO,Daucus creticus
Diaciminum (Electuario de Comino),Piper longum,ESPECIA,Piper longum
Diaciminum (Electuario de Comino),Piper nigrum,ESPECIA,Piper nigrum
Diaciminum (Electuario de Comino),Zingiber,ESPECIA,Zingiber
Diaciminum (Electuario de Comino),Anisi,ESPECIA,Anisi
Diaciminum (Electuario de Comino),Cinnamomum,ESPECIA,Cinnamomum
Diaciminum (Electuario de Comino),Mel despumatum,BASE,Mel despumatum
Unguentum Basilicon,Resina pini,ACTIVO,Resina pini
Unguentum Basilicon,Pix (Pez),ACTIVO,Pix
Unguentum Basilicon,Galbanum,ACTIVO,Galbanum
Unguentum Basilicon,Olibanum,ESPECIA,Olibanum
Unguentum Basilicon,Cera,BASE,Cera
Unguentum Basilicon,Oleum olivarum,BASE,Oleum olivarum
Unguentum Basilicon,Sebum,BASE,Sebum
Unguentum Populeon,Populus (Yemas de alamo),ACTIVO,Populus
Unguentum Populeon,Mandragora,ACTIVO,Mandragora
Unguentum Populeon,Hyoscyamus,ACTIVO,Hyoscyamus
Unguentum Populeon,Papaver nigrum,ACTIVO,Papaver nigrum
Unguentum Populeon,Lactuca,ACTIVO,Lactuca
Unguentum Populeon,Sempervivum,ACTIVO,Sempervivum
Unguentum Populeon,Solanum,ACTIVO,Solanum
Unguentum Populeon,Umbilicus veneris,ACTIVO,Umbilicus veneris
Unguentum Populeon,Viola,ESPECIA,Viola
Unguentum Populeon,Axungia porci (Grasa de cerdo),BASE,Axungia porci
Unguentum Populeon,Oleum olivarum,BASE,Oleum olivarum
Unguentum Populeon,Cera,BASE,Cera
Pillulae de Hiera cum Agarico,Aloe,ACTIVO,Aloe
Pillulae de Hiera cum Agarico,Agaricum,ACTIVO,Agaricum
Pillulae de Hiera cum Agarico,Coloquintida,ACTIVO,Coloquintida
Pillulae de Hiera cum Agarico,Mastix,ACTIVO,Mastix
Pillulae de Hiera cum Agarico,Euphorbia,ACTIVO,Euphorbia
Pillulae de Hiera cum Agarico,Crocus,ESPECIA,Crocus
Pillulae de Hiera cum Agarico,Cinnamomum,ESPECIA,Cinnamomum
Pillulae de Hiera cum Agarico,Rosa,ESPECIA,Rosa
Pillulae de Hiera cum Agarico,Succo absinthii,BASE,Succo absinthii
Pillulae Fetidae (Pildoras Fetidas),Opopanax,ACTIVO,Opopanax
Pillulae Fetidae (Pildoras Fetidas),Galbanum,ACTIVO,Galbanum
Pillulae Fetidae (Pildoras Fetidas),Sagapenum,ACTIVO,Sagapenum
Pillulae Fetidae (Pildoras Fetidas),Castoreum,ACTIVO,Castoreum
Pillulae Fetidae (Pildoras Fetidas),Asa foetida,ACTIVO,Asa foetida
Pillulae Fetidae (Pildoras Fetidas),Myrrha,ESPECIA,Myrrha
Pillulae Fetidae (Pildoras Fetidas),Bdellium,ESPECIA,Bdellium
Pillulae Fetidae (Pildoras Fetidas),Succo rutae,BASE,Succo rutae
Requies Magna (Requies Nicolai),Opium,ACTIVO,Opium
Requies Magna (Requies Nicolai),Mandragora,ACTIVO,Mandragora
Requies Magna (Requies Nicolai),Hyoscyamus,ACTIVO,Hyoscyamus
Requies Magna (Requies Nicolai),Papaver album,ACTIVO,Papaver album
Requies Magna (Requies Nicolai),Lactuca,ACTIVO,Lactuca
Requies Magna (Requies Nicolai),Psyllium,ACTIVO,Psyllium
Requies Magna (Requies Nicolai),Gummi arabicum,ACTIVO,Gummi arabicum
Requies Magna (Requies Nicolai),Amylum,ACTIVO,Amylum
Requies Magna (Requies Nicolai),Tragacantha,ACTIVO,Tragacantha
Requies Magna (Requies Nicolai),Glycyrrhiza,ACTIVO,Glycyrrhiza
Requies Magna (Requies Nicolai),Rosa,ESPECIA,Rosa
Requies Magna (Requies Nicolai),Cinnamomum,ESPECIA,Cinnamomum
Requies Magna (Requies Nicolai),Nux moschata,ESPECIA,Nux moschata
Requies Magna (Requies Nicolai),Crocus,ESPECIA,Crocus
Requies Magna (Requies Nicolai),Camphor,ESPECIA,Camphor
Requies Magna (Requies Nicolai),Saccharum,BASE,Saccharum
Requies Magna (Requies Nicolai),Aqua rosarum,BASE,Aqua rosarum
Diacodion (Jarabe de Adormidera),Papaver album (capita),ACTIVO,Papaver album
Diacodion (Jarabe de Adormidera),Glycyrrhiza,ACTIVO,Glycyrrhiza
Diacodion (Jarabe de Adormidera),Gummi arabicum,ACTIVO,Gummi arabicum
Diacodion (Jarabe de Adormidera),Cinnamomum,ESPECIA,Cinnamomum
Diacodion (Jarabe de Adormidera),Saccharum,BASE,Saccharum
Diacodion (Jarabe de Adormidera),Aqua,BASE,Aqua
Dialtea (Ungueento de Altea),Althaea (Malvavisco),ACTIVO,Althaea
Dialtea (Ungueento de Altea),Linum (Linaza),ACTIVO,Linum
Dialtea (Ungueento de Altea),Foenum graecum (Alholva),ACTIVO,Foenum graecum
Dialtea (Ungueento de Altea),Terebinthina,ACTIVO,Terebinthina
Dialtea (Ungueento de Altea),Cera,ACTIVO,Cera
Dialtea (Ungueento de Altea),Colophonia,ACTIVO,Colophonia
Dialtea (Ungueento de Altea),Olibanum,ESPECIA,Olibanum
Dialtea (Ungueento de Altea),Oleum olivarum,BASE,Oleum olivarum
Dialtea (Ungueento de Altea),Axungia porci,BASE,Axungia porci
Dialtea (Ungueento de Altea),Aqua,BASE,Aqua
Philonium Persicum,Opium,ACTIVO,Opium
Philonium Persicum,Castoreum,ACTIVO,Castoreum
Philonium Persicum,Pyrethrum,ACTIVO,Pyrethrum
Philonium Persicum,Euphorbium,ACTIVO,Euphorbium
Philonium Persicum,Hyoscyamus,ACTIVO,Hyoscyamus
Philonium Persicum,Nardus indica,ACTIVO,Nardus indica
Philonium Persicum,Hypocistis,ACTIVO,Hypocistis
Philonium Persicum,Gummi arabicum,ACTIVO,Gummi arabicum
Philonium Persicum,Styrax,ACTIVO,Styrax
Philonium Persicum,Crocus,ESPECIA,Crocus
Philonium Persicum,Piper longum,ESPECIA,Piper longum
Philonium Persicum,Piper nigrum,ESPECIA,Piper nigrum
Philonium Persicum,Zingiber,ESPECIA,Zingiber
Philonium Persicum,Cinnamomum,ESPECIA,Cinnamomum
Philonium Persicum,Myrrha,ESPECIA,Myrrha
Philonium Persicum,Casia,ESPECIA,Casia
Philonium Persicum,Cardamomum,ESPECIA,Cardamomum
Philonium Persicum,Mel despumatum,BASE,Mel despumatum
Oximel Compositum,Squilla,ACTIVO,Squilla
Oximel Compositum,Petroselinum,ACTIVO,Petroselinum
Oximel Compositum,Apium,ACTIVO,Apium
Oximel Compositum,Foeniculum (radix),ACTIVO,Foeniculum
Oximel Compositum,Carum,ACTIVO,Carum
Oximel Compositum,Zingiber,ESPECIA,Zingiber
Oximel Compositum,Piper longum,ESPECIA,Piper longum
Oximel Compositum,Anisi,ESPECIA,Anisi
Oximel Compositum,Mel despumatum,BASE,Mel despumatum
Oximel Compositum,Acetum,BASE,Acetum
Theriac Diatessaron,Gentiana,ACTIVO,Gentiana
Theriac Diatessaron,Aristolochia rotunda,ACTIVO,Aristolochia rotunda
Theriac Diatessaron,Laurus (Laurel),ACTIVO,Laurus
Theriac Diatessaron,Myrrha,ESPECIA,Myrrha
Theriac Diatessaron,Mel despumatum,BASE,Mel despumatum
Theodoricon Euporistum,Euphorbia,ACTIVO,Euphorbia
Theodoricon Euporistum,Pyrethrum,ACTIVO,Pyrethrum
Theodoricon Euporistum,Castoreum,ACTIVO,Castoreum
Theodoricon Euporistum,Anacardium,ACTIVO,Anacardium
Theodoricon Euporistum,Staphisagria,ACTIVO,Staphisagria
Theodoricon Euporistum,Petroselinum,ACTIVO,Petroselinum
Theodoricon Euporistum,Nardus indica,ACTIVO,Nardus indica
Theodoricon Euporistum,Amomum,ACTIVO,Amomum
Theodoricon Euporistum,Piper longum,ESPECIA,Piper longum
Theodoricon Euporistum,Piper nigrum,ESPECIA,Piper nigrum
Theodoricon Euporistum,Zingiber,ESPECIA,Zingiber
Theodoricon Euporistum,Cinnamomum,ESPECIA,Cinnamomum
Theodoricon Euporistum,Crocus,ESPECIA,Crocus
Theodoricon Euporistum,Myrrha,ESPECIA,Myrrha
Theodoricon Euporistum,Cardamomum,ESPECIA,Cardamomum
Theodoricon Euporistum,Casia,ESPECIA,Casia
Theodoricon Euporistum,Mel despumatum,BASE,Mel despumatum
Diasatyrion,Satyrion,ACTIVO,Satyrion
Diasatyrion,Orchis,ACTIVO,Orchis
Diasatyrion,Eruca,ACTIVO,Eruca
Diasatyrion,Pastinaca,ACTIVO,Pastinaca
Diasatyrion,Triphallus,ACTIVO,Triphallus
Diasatyrion,Zingiber,ESPECIA,Zingiber
Diasatyrion,Piper longum,ESPECIA,Piper longum
Diasatyrion,Galanga,ESPECIA,Galanga
Diasatyrion,Cinnamomum,ESPECIA,Cinnamomum
Diasatyrion,Nux moschata,ESPECIA,Nux moschata
Diasatyrion,Crocus,ESPECIA,Crocus
Diasatyrion,Cardamomum,ESPECIA,Cardamomum
Diasatyrion,Saccharum,BASE,Saccharum
Diasatyrion,Mel despumatum,BASE,Mel despumatum
Diarodon Abbatis,Rosa,ACTIVO,Rosa
Diarodon Abbatis,Corallium rubrum,ACTIVO,Corallium rubrum
Diarodon Abbatis,Spodium,ACTIVO,Spodium
Diarodon Abbatis,Sandali rubei,ACTIVO,Sandali rubei
Diarodon Abbatis,Sandali albi,ACTIVO,Sandali albi
Diarodon Abbatis,Doronicum,ACTIVO,Doronicum
Diarodon Abbatis,Buglossa,ACTIVO,Buglossa
Diarodon Abbatis,Cinnamomum,ESPECIA,Cinnamomum
Diarodon Abbatis,Galanga,ESPECIA,Galanga
Diarodon Abbatis,Crocus,ESPECIA,Crocus
Diarodon Abbatis,Cardamomum,ESPECIA,Cardamomum
Diarodon Abbatis,Nux moschata,ESPECIA,Nux moschata
Diarodon Abbatis,Cubeba,ESPECIA,Cubeba
Diarodon Abbatis,Casia,ESPECIA,Casia
Diarodon Abbatis,Zedoaria,ESPECIA,Zedoaria
Diarodon Abbatis,Saccharum,BASE,Saccharum
Rosata Novella,Rosa,ACTIVO,Rosa
Rosata Novella,Liquiritia,ACTIVO,Liquiritia
Rosata Novella,Cinnamomum,ESPECIA,Cinnamomum
Rosata Novella,Galanga,ESPECIA,Galanga
Rosata Novella,Nux moschata,ESPECIA,Nux moschata
Rosata Novella,Crocus,ESPECIA,Crocus
Rosata Novella,Saccharum,BASE,Saccharum
Letitia Galeni,Lapis lazuli,ACTIVO,Lapis lazuli
Letitia Galeni,Buglossa,ACTIVO,Buglossa
Letitia Galeni,Seta,ACTIVO,Seta
Letitia Galeni,Rosa,ACTIVO,Rosa
Letitia Galeni,Doronicum,ACTIVO,Doronicum
Letitia Galeni,Basilicon,ACTIVO,Basilicon
Letitia Galeni,Cinnamomum,ESPECIA,Cinnamomum
Letitia Galeni,Crocus,ESPECIA,Crocus
Letitia Galeni,Nux moschata,ESPECIA,Nux moschata
Letitia Galeni,Galanga,ESPECIA,Galanga
Letitia Galeni,Cubeba,ESPECIA,Cubeba
Letitia Galeni,Cardamomum,ESPECIA,Cardamomum
Letitia Galeni,Saccharum,BASE,Saccharum
Letitia Galeni,Aqua rosarum,BASE,Aqua rosarum
Trifera Saracenica,Opium,ACTIVO,Opium
Trifera Saracenica,Castoreum,ACTIVO,Castoreum
Trifera Saracenica,Pyrethrum,ACTIVO,Pyrethrum
Trifera Saracenica,Euphorbia,ACTIVO,Euphorbia
Trifera Saracenica,Nardus indica,ACTIVO,Nardus indica
Trifera Saracenica,Piper longum,ESPECIA,Piper longum
Trifera Saracenica,Piper nigrum,ESPECIA,Piper nigrum
Trifera Saracenica,Zingiber,ESPECIA,Zingiber
Trifera Saracenica,Cinnamomum,ESPECIA,Cinnamomum
Trifera Saracenica,Myrrha,ESPECIA,Myrrha
Trifera Saracenica,Crocus,ESPECIA,Crocus
Trifera Saracenica,Cardamomum,ESPECIA,Cardamomum
Trifera Saracenica,Casia,ESPECIA,Casia
Trifera Saracenica,Mel despumatum,BASE,Mel despumatum
Paulinum,Opium,ACTIVO,Opium
Paulinum,Castoreum,ACTIVO,Castoreum
Paulinum,Hyoscyamus,ACTIVO,Hyoscyamus
Paulinum,Petroselinum,ACTIVO,Petroselinum
Paulinum,Hypericum,ACTIVO,Hypericum
Paulinum,Piper longum,ESPECIA,Piper longum
Paulinum,Piper nigrum,ESPECIA,Piper nigrum
Paulinum,Zingiber,ESPECIA,Zingiber
Paulinum,Cinnamomum,ESPECIA,Cinnamomum
Paulinum,Myrrha,ESPECIA,Myrrha
Paulinum,Crocus,ESPECIA,Crocus
Paulinum,Casia,ESPECIA,Casia
Paulinum,Mel despumatum,BASE,Mel despumatum
Electuarium Justinum,Amomum,ACTIVO,Amomum
Electuarium Justinum,Petroselinum,ACTIVO,Petroselinum
Electuarium Justinum,Acorus calamus,ACTIVO,Acorus calamus
Electuarium Justinum,Nardus indica,ACTIVO,Nardus indica
Electuarium Justinum,Piper longum,ESPECIA,Piper longum
Electuarium Justinum,Piper nigrum,ESPECIA,Piper nigrum
Electuarium Justinum,Zingiber,ESPECIA,Zingiber
Electuarium Justinum,Cinnamomum,ESPECIA,Cinnamomum
Electuarium Justinum,Crocus,ESPECIA,Crocus
Electuarium Justinum,Costus,ESPECIA,Costus
Electuarium Justinum,Myrrha,ESPECIA,Myrrha
Electuarium Justinum,Casia,ESPECIA,Casia
Electuarium Justinum,Cardamomum,ESPECIA,Cardamomum
Electuarium Justinum,Mel despumatum,BASE,Mel despumatum
Electuarium de Baccis Lauri,Laurus,ACTIVO,Laurus
Electuarium de Baccis Lauri,Aristolochia,ACTIVO,Aristolochia
Electuarium de Baccis Lauri,Gentiana,ACTIVO,Gentiana
Electuarium de Baccis Lauri,Petroselinum,ACTIVO,Petroselinum
Electuarium de Baccis Lauri,Apium,ACTIVO,Apium
Electuarium de Baccis Lauri,Piper longum,ESPECIA,Piper longum
Electuarium de Baccis Lauri,Zingiber,ESPECIA,Zingiber
Electuarium de Baccis Lauri,Cinnamomum,ESPECIA,Cinnamomum
Electuarium de Baccis Lauri,Myrrha,ESPECIA,Myrrha
Electuarium de Baccis Lauri,Anisi,ESPECIA,Anisi
Electuarium de Baccis Lauri,Mel despumatum,BASE,Mel despumatum
Syrupus de Fumaria,Fumaria,ACTIVO,Fumaria
Syrupus de Fumaria,Senna,ACTIVO,Senna
Syrupus de Fumaria,Epithymum,ACTIVO,Epithymum
Syrupus de Fumaria,Polypodium,ACTIVO,Polypodium
Syrupus de Fumaria,Endiviae,ACTIVO,Endiviae
Syrupus de Fumaria,Cinnamomum,ESPECIA,Cinnamomum
Syrupus de Fumaria,Anisi,ESPECIA,Anisi
Syrupus de Fumaria,Saccharum,BASE,Saccharum
Syrupus de Fumaria,Aqua,BASE,Aqua
Confectio Anacardia,Anacardium,ACTIVO,Anacardium
Confectio Anacardia,Castoreum,ACTIVO,Castoreum
Confectio Anacardia,Euphorbia,ACTIVO,Euphorbia
Confectio Anacardia,Pyrethrum,ACTIVO,Pyrethrum
Confectio Anacardia,Piper longum,ESPECIA,Piper longum
Confectio Anacardia,Piper nigrum,ESPECIA,Piper nigrum
Confectio Anacardia,Zingiber,ESPECIA,Zingiber
Confectio Anacardia,Cinnamomum,ESPECIA,Cinnamomum
Confectio Anacardia,Crocus,ESPECIA,Crocus
Confectio Anacardia,Mel despumatum,BASE,Mel despumatum
Electuarium Diacostum,Costus,ACTIVO,Costus
Electuarium Diacostum,Amomum,ACTIVO,Amomum
Electuarium Diacostum,Nardus indica,ACTIVO,Nardus indica
Electuarium Diacostum,Mastix,ACTIVO,Mastix
Electuarium Diacostum,Piper longum,ESPECIA,Piper longum
Electuarium Diacostum,Zingiber,ESPECIA,Zingiber
Electuarium Diacostum,Cinnamomum,ESPECIA,Cinnamomum
Electuarium Diacostum,Casia,ESPECIA,Casia
Electuarium Diacostum,Cardamomum,ESPECIA,Cardamomum
Electuarium Diacostum,Anisi,ESPECIA,Anisi
Electuarium Diacostum,Mel despumatum,BASE,Mel despumatum
Unguentum Marciaton,Althaea,ACTIVO,Althaea
Unguentum Marciaton,Chamaemelum,ACTIVO,Chamaemelum
Unguentum Marciaton,Melilotus,ACTIVO,Melilotus
Unguentum Marciaton,Anethum,ACTIVO,Anethum
Unguentum Marciaton,Linum,ACTIVO,Linum
Unguentum Marciaton,Foenum graecum,ACTIVO,Foenum graecum
Unguentum Marciaton,Terebinthina,ACTIVO,Terebinthina
Unguentum Marciaton,Oleum olivarum,BASE,Oleum olivarum
Unguentum Marciaton,Cera,BASE,Cera
Unguentum Marciaton,Axungia porci,BASE,Axungia porci
Suffuf al-Tib (Polvo aromatico de Avicena),Sandalum album,ACTIVO,Sandalum album
Suffuf al-Tib (Polvo aromatico de Avicena),Rosa,ACTIVO,Rosa
Suffuf al-Tib (Polvo aromatico de Avicena),Cinnamomum,ESPECIA,Cinnamomum
Suffuf al-Tib (Polvo aromatico de Avicena),Cardamomum,ESPECIA,Cardamomum
Suffuf al-Tib (Polvo aromatico de Avicena),Nux moschata,ESPECIA,Nux moschata
Suffuf al-Tib (Polvo aromatico de Avicena),Galanga,ESPECIA,Galanga
Suffuf al-Tib (Polvo aromatico de Avicena),Crocus,ESPECIA,Crocus
Suffuf al-Tib (Polvo aromatico de Avicena),Casia,ESPECIA,Casia
Suffuf al-Tib (Polvo aromatico de Avicena),Camphor,ESPECIA,Camphor
Itrifal Ustukhudus (Electuario de Espliego),Lavandula,ACTIVO,Lavandula
Itrifal Ustukhudus (Electuario de Espliego),Epithymum,ACTIVO,Epithymum
Itrifal Ustukhudus (Electuario de Espliego),Polypodium,ACTIVO,Polypodium
Itrifal Ustukhudus (Electuario de Espliego),Agaricum,ACTIVO,Agaricum
Itrifal Ustukhudus (Electuario de Espliego),Senna,ACTIVO,Senna
Itrifal Ustukhudus (Electuario de Espliego),Lapis lazuli,ACTIVO,Lapis lazuli
Itrifal Ustukhudus (Electuario de Espliego),Cinnamomum,ESPECIA,Cinnamomum
Itrifal Ustukhudus (Electuario de Espliego),Zingiber,ESPECIA,Zingiber
Itrifal Ustukhudus (Electuario de Espliego),Crocus,ESPECIA,Crocus
Itrifal Ustukhudus (Electuario de Espliego),Anisi,ESPECIA,Anisi
Itrifal Ustukhudus (Electuario de Espliego),Rosa,ESPECIA,Rosa
Itrifal Ustukhudus (Electuario de Espliego),Mel despumatum,BASE,Mel despumatum
Tiryaq al-Arba (Theriac de 4 ingredientes - Avicena),Gentiana,ACTIVO,Gentiana
Tiryaq al-Arba (Theriac de 4 ingredientes - Avicena),Aristolochia rotunda,ACTIVO,Aristolochia rotunda
Tiryaq al-Arba (Theriac de 4 ingredientes - Avicena),Laurus,ACTIVO,Laurus
Tiryaq al-Arba (Theriac de 4 ingredientes - Avicena),Myrrha,ESPECIA,Myrrha
Tiryaq al-Arba (Theriac de 4 ingredientes - Avicena),Mel despumatum,BASE,Mel despumatum
Jawaarish Jalinusi (Digestivo de Galeno - Avicena),Mastix,ACTIVO,Mastix
Jawaarish Jalinusi (Digestivo de Galeno - Avicena),Nardus indica,ACTIVO,Nardus indica
Jawaarish Jalinusi (Digestivo de Galeno - Avicena),Aloe,ACTIVO,Aloe
Jawaarish Jalinusi (Digestivo de Galeno - Avicena),Piper longum,ESPECIA,Piper longum
Jawaarish Jalinusi (Digestivo de Galeno - Avicena),Piper nigrum,ESPECIA,Piper nigrum
Jawaarish Jalinusi (Digestivo de Galeno - Avicena),Zingiber,ESPECIA,Zingiber
Jawaarish Jalinusi (Digestivo de Galeno - Avicena),Cinnamomum,ESPECIA,Cinnamomum
Jawaarish Jalinusi (Digestivo de Galeno - Avicena),Crocus,ESPECIA,Crocus
Jawaarish Jalinusi (Digestivo de Galeno - Avicena),Casia,ESPECIA,Casia
Jawaarish Jalinusi (Digestivo de Galeno - Avicena),Costus,ESPECIA,Costus
Jawaarish Jalinusi (Digestivo de Galeno - Avicena),Cardamomum,ESPECIA,Cardamomum
Jawaarish Jalinusi (Digestivo de Galeno - Avicena),Mel despumatum,BASE,Mel despumatum
Unguentum Abulcasis (de vulneribus),Aristolochia,ACTIVO,Aristolochia
Unguentum Abulcasis (de vulneribus),Sarcocolla,ACTIVO,Sarcocolla
Unguentum Abulcasis (de vulneribus),Sanguis draconis,ACTIVO,Sanguis draconis
Unguentum Abulcasis (de vulneribus),Aloe,ACTIVO,Aloe
Unguentum Abulcasis (de vulneribus),Olibanum,ESPECIA,Olibanum
Unguentum Abulcasis (de vulneribus),Myrrha,ESPECIA,Myrrha
Unguentum Abulcasis (de vulneribus),Oleum rosarum,BASE,Oleum rosarum
Unguentum Abulcasis (de vulneribus),Cera,BASE,Cera
Theriac Abulcasis (contra venenos),Opium,ACTIVO,Opium
Theriac Abulcasis (contra venenos),Castoreum,ACTIVO,Castoreum
Theriac Abulcasis (contra venenos),Gentiana,ACTIVO,Gentiana
Theriac Abulcasis (contra venenos),Aristolochia,ACTIVO,Aristolochia
Theriac Abulcasis (contra venenos),Opopanax,ACTIVO,Opopanax
Theriac Abulcasis (contra venenos),Sagapenum,ACTIVO,Sagapenum
Theriac Abulcasis (contra venenos),Galbanum,ACTIVO,Galbanum
Theriac Abulcasis (contra venenos),Crocus,ESPECIA,Crocus
Theriac Abulcasis (contra venenos),Cinnamomum,ESPECIA,Cinnamomum
Theriac Abulcasis (contra venenos),Piper longum,ESPECIA,Piper longum
Theriac Abulcasis (contra venenos),Piper nigrum,ESPECIA,Piper nigrum
Theriac Abulcasis (contra venenos),Myrrha,ESPECIA,Myrrha
Theriac Abulcasis (contra venenos),Zingiber,ESPECIA,Zingiber
Theriac Abulcasis (contra venenos),Mel despumatum,BASE,Mel despumatum
Antidotum Hadriani,Opium,ACTIVO,Opium
Antidotum Hadriani,Castoreum,ACTIVO,Castoreum
Antidotum Hadriani,Euphorbia,ACTIVO,Euphorbia
Antidotum Hadriani,Acorus calamus,ACTIVO,Acorus calamus
Antidotum Hadriani,Gentiana,ACTIVO,Gentiana
Antidotum Hadriani,Piper longum,ESPECIA,Piper longum
Antidotum Hadriani,Zingiber,ESPECIA,Zingiber
Antidotum Hadriani,Cinnamomum,ESPECIA,Cinnamomum
Antidotum Hadriani,Myrrha,ESPECIA,Myrrha
Antidotum Hadriani,Crocus,ESPECIA,Crocus
Antidotum Hadriani,Casia,ESPECIA,Casia
Antidotum Hadriani,Mel despumatum,BASE,Mel despumatum
Electuarium Ducis,Glycyrrhiza,ACTIVO,Glycyrrhiza
Electuarium Ducis,Dragagantum,ACTIVO,Dragagantum
Electuarium Ducis,Gummi arabicum,ACTIVO,Gummi arabicum
Electuarium Ducis,Hyssopus,ACTIVO,Hyssopus
Electuarium Ducis,Iris,ACTIVO,Iris
Electuarium Ducis,Piper longum,ESPECIA,Piper longum
Electuarium Ducis,Zingiber,ESPECIA,Zingiber
Electuarium Ducis,Cinnamomum,ESPECIA,Cinnamomum
Electuarium Ducis,Anisi,ESPECIA,Anisi
Electuarium Ducis,Saccharum,BASE,Saccharum
Electuarium Ducis,Mel despumatum,BASE,Mel despumatum
Benedicta Laxativa,Turbith,ACTIVO,Turbith
Benedicta Laxativa,Diagridium,ACTIVO,Diagridium
Benedicta Laxativa,Polypodium,ACTIVO,Polypodium
Benedicta Laxativa,Senna,ACTIVO,Senna
Benedicta Laxativa,Epithymum,ACTIVO,Epithymum
Benedicta Laxativa,Rhabarbarum,ACTIVO,Rhabarbarum
Benedicta Laxativa,Zingiber,ESPECIA,Zingiber
Benedicta Laxativa,Cinnamomum,ESPECIA,Cinnamomum
Benedicta Laxativa,Anisi,ESPECIA,Anisi
Benedicta Laxativa,Crocus,ESPECIA,Crocus
Benedicta Laxativa,Mastix,ESPECIA,Mastix
Benedicta Laxativa,Saccharum,BASE,Saccharum
Diatragacanthi,Tragacantha,ACTIVO,Tragacantha
Diatragacanthi,Gummi arabicum,ACTIVO,Gummi arabicum
Diatragacanthi,Amylum,ACTIVO,Amylum
Diatragacanthi,Glycyrrhiza,ACTIVO,Glycyrrhiza
Diatragacanthi,Cinnamomum,ESPECIA,Cinnamomum
Diatragacanthi,Saccharum,BASE,Saccharum
Dianucum (Electuario de Nueces),Nux,ACTIVO,Nux
Dianucum (Electuario de Nueces),Ruta,ACTIVO,Ruta
Dianucum (Electuario de Nueces),Pirethrum,ACTIVO,Pirethrum
Dianucum (Electuario de Nueces),Euphorbia,ACTIVO,Euphorbia
Dianucum (Electuario de Nueces),Castoreum,ACTIVO,Castoreum
Dianucum (Electuario de Nueces),Piper nigrum,ESPECIA,Piper nigrum
Dianucum (Electuario de Nueces),Zingiber,ESPECIA,Zingiber
Dianucum (Electuario de Nueces),Cinnamomum,ESPECIA,Cinnamomum
Dianucum (Electuario de Nueces),Mel despumatum,BASE,Mel despumatum
Electuarium Diaspermaton,Petroselinum,ACTIVO,Petroselinum
Electuarium Diaspermaton,Apium,ACTIVO,Apium
Electuarium Diaspermaton,Carum,ACTIVO,Carum
Electuarium Diaspermaton,Foeniculum,ACTIVO,Foeniculum
Electuarium Diaspermaton,Anisi,ACTIVO,Anisi
Electuarium Diaspermaton,Amomum,ACTIVO,Amomum
Electuarium Diaspermaton,Piper longum,ESPECIA,Piper longum
Electuarium Diaspermaton,Zingiber,ESPECIA,Zingiber
Electuarium Diaspermaton,Cinnamomum,ESPECIA,Cinnamomum
Electuarium Diaspermaton,Mel despumatum,BASE,Mel despumatum
Philonium Romanum,Opium,ACTIVO,Opium
Philonium Romanum,Hyoscyamus,ACTIVO,Hyoscyamus
Philonium Romanum,Pyrethrum,ACTIVO,Pyrethrum
Philonium Romanum,Euphorbia,ACTIVO,Euphorbia
Philonium Romanum,Piper longum,ESPECIA,Piper longum
Philonium Romanum,Piper nigrum,ESPECIA,Piper nigrum
Philonium Romanum,Zingiber,ESPECIA,Zingiber
Philonium Romanum,Cinnamomum,ESPECIA,Cinnamomum
Philonium Romanum,Crocus,ESPECIA,Crocus
Philonium Romanum,Myrrha,ESPECIA,Myrrha
Philonium Romanum,Mel despumatum,BASE,Mel despumatum
Theriac Diatessaron Magna,Gentiana,ACTIVO,Gentiana
Theriac Diatessaron Magna,Aristolochia rotunda,ACTIVO,Aristolochia rotunda
Theriac Diatessaron Magna,Laurus,ACTIVO,Laurus
Theriac Diatessaron Magna,Castoreum,ACTIVO,Castoreum
Theriac Diatessaron Magna,Hypericum,ACTIVO,Hypericum
Theriac Diatessaron Magna,Myrrha,ESPECIA,Myrrha
Theriac Diatessaron Magna,Cinnamomum,ESPECIA,Cinnamomum
Theriac Diatessaron Magna,Mel despumatum,BASE,Mel despumatum
