Stem,In_Opium,In_Cast,In_Tied,Total_Folios,LogOR,Direction,Atoms,Length
A1,6,17,22,45,-0.990,CASTOREUM,A1,1
A1A1,1,1,0,2,1.099,OPIUM,A1|A1,2
A1A3,2,7,9,18,-0.251,NEUTRAL,A1|A3,2
A1B1,2,5,3,10,0.233,NEUTRAL,A1|B1,2
A1B1A1,1,0,3,4,2.256,OPIUM,A1|B1|A1,3
A1B1K2,0,1,1,2,-0.167,NEUTRAL,A1|B1|K2,3
A1B2,2,7,4,13,-0.251,NEUTRAL,A1|B2,2
A1B2A1,1,7,0,8,-0.963,CASTOREUM,A1|B2|A1,3
A1B2A1C1A3,0,2,0,2,-0.740,CASTOREUM,A1|B2|A1|C1|A3,5
A1B2A3,3,12,9,24,-0.821,CASTOREUM,A1|B2|A3,3
A1B2A3C1A3,1,1,0,2,1.099,OPIUM,A1|B2|A3|C1|A3,5
A1B2B1,0,1,4,5,-0.167,NEUTRAL,A1|B2|B1,3
A1B2BaA3,1,0,2,3,2.256,OPIUM,A1|B2|Ba|A3,4
A1B2K1,0,3,1,4,-1.144,CASTOREUM,A1|B2|K1,3
A1B2K1A1,1,0,2,3,2.256,OPIUM,A1|B2|K1|A1,4
A1B2K1A3,0,4,0,4,-1.466,CASTOREUM,A1|B2|K1|A3,4
A1B2K1B1,1,1,0,2,1.099,OPIUM,A1|B2|K1|B1,4
A1B2K1J1A1B1,0,1,1,2,-0.167,NEUTRAL,A1|B2|K1|J1|A1|B1,6
A1B2K1J1B1,1,2,0,3,0.525,OPIUM,A1|B2|K1|J1|B1,5
A1B2K1J1Ba,0,2,0,2,-0.740,CASTOREUM,A1|B2|K1|J1|Ba,5
A1B2K1K2,0,1,6,7,-0.167,NEUTRAL,A1|B2|K1|K2,4
A1B2K1M1,0,2,0,2,-0.740,CASTOREUM,A1|B2|K1|M1,4
A1B2K2,0,1,1,2,-0.167,NEUTRAL,A1|B2|K2,3
A1B2K2B1,0,1,1,2,-0.167,NEUTRAL,A1|B2|K2|B1,4
A1B2L1,0,2,1,3,-0.740,CASTOREUM,A1|B2|L1,3
A1B2L1J1B1,0,2,0,2,-0.740,CASTOREUM,A1|B2|L1|J1|B1,5
A1B2L1K2,0,3,0,3,-1.144,CASTOREUM,A1|B2|L1|K2,4
A1B2M1,0,0,2,2,0.990,OPIUM,A1|B2|M1,3
A1B2Q1,1,0,2,3,2.256,OPIUM,A1|B2|Q1,3
A1B2Q1A1,2,0,0,2,2.968,OPIUM,A1|B2|Q1|A1,4
A1B2Q1A3,3,8,7,18,0.111,NEUTRAL,A1|B2|Q1|A3,4
A1B2Q1J1,0,2,1,3,-0.740,CASTOREUM,A1|B2|Q1|J1,4
A1B2Q1J1A1,0,1,2,3,-0.167,NEUTRAL,A1|B2|Q1|J1|A1,5
A1B2Q1J1B1,0,3,0,3,-1.144,CASTOREUM,A1|B2|Q1|J1|B1,5
A1B2Q1J1Ba,0,1,1,2,-0.167,NEUTRAL,A1|B2|Q1|J1|Ba,5
A1B2Q1K1J1B1,0,0,2,2,0.990,OPIUM,A1|B2|Q1|K1|J1|B1,6
A1B2Q1K2,1,8,7,16,-1.188,CASTOREUM,A1|B2|Q1|K2,4
A1B2Q1K2A1,0,0,2,2,0.990,OPIUM,A1|B2|Q1|K2|A1,5
A1B2Q1K2A1B1,0,0,3,3,0.990,OPIUM,A1|B2|Q1|K2|A1|B1,6
A1B2Q1K2B1,2,3,6,11,0.834,OPIUM,A1|B2|Q1|K2|B1,5
A1B2Q1K2Ba,1,1,4,6,1.099,OPIUM,A1|B2|Q1|K2|Ba,5
A1B2Q1K2K1,0,0,2,2,0.990,OPIUM,A1|B2|Q1|K2|K1,5
A1B2Q1M1,0,3,2,5,-1.144,CASTOREUM,A1|B2|Q1|M1,4
A1B2Q2A3,0,1,1,2,-0.167,NEUTRAL,A1|B2|Q2|A3,4
A1Ba,2,1,0,3,1.810,OPIUM,A1|Ba,2
A1BaA3,0,0,4,4,0.990,OPIUM,A1|Ba|A3,3
A1C1,1,3,2,6,0.122,NEUTRAL,A1|C1,2
A1C1A1,0,4,3,7,-1.466,CASTOREUM,A1|C1|A1,3
A1C1A3C1,0,1,1,2,-0.167,NEUTRAL,A1|C1|A3|C1,4
A1C2A3,1,3,1,5,0.122,NEUTRAL,A1|C2|A3,3
A1J1Q1J1,0,1,1,2,-0.167,NEUTRAL,A1|J1|Q1|J1,4
A1K1A1,0,1,2,3,-0.167,NEUTRAL,A1|K1|A1,3
A1K1J1,0,3,0,3,-1.144,CASTOREUM,A1|K1|J1,3
A1K1J1B1,0,0,2,2,0.990,OPIUM,A1|K1|J1|B1,4
A1K1J1B1A3,1,0,1,2,2.256,OPIUM,A1|K1|J1|B1|A3,5
A1K1K2,0,2,0,2,-0.740,CASTOREUM,A1|K1|K2,3
A1K2,1,1,4,6,1.099,OPIUM,A1|K2,2
A1K2A1,0,0,3,3,0.990,OPIUM,A1|K2|A1,3
A1K2A3,0,0,4,4,0.990,OPIUM,A1|K2|A3,3
A1K2B1,1,1,1,3,1.099,OPIUM,A1|K2|B1,3
A1K2B1A3,1,1,0,2,1.099,OPIUM,A1|K2|B1|A3,4
A1L1J1,1,2,0,3,0.525,OPIUM,A1|L1|J1,3
A1P1A1,0,2,4,6,-0.740,CASTOREUM,A1|P1|A1,3
A1P1A3,2,6,8,16,-0.017,NEUTRAL,A1|P1|A3,3
A1P1A3B2A3,0,2,0,2,-0.740,CASTOREUM,A1|P1|A3|B2|A3,5
A1P1A3B2Q1A3,0,0,2,2,0.990,OPIUM,A1|P1|A3|B2|Q1|A3,6
A1P1A3C1,1,1,1,3,1.099,OPIUM,A1|P1|A3|C1,4
A1P1A3E1,0,0,2,2,0.990,OPIUM,A1|P1|A3|E1,4
A1P1K1,0,5,3,8,-1.744,CASTOREUM,A1|P1|K1,3
A1P1K1A1,0,0,3,3,0.990,OPIUM,A1|P1|K1|A1,4
A1P1K1A3,0,0,2,2,0.990,OPIUM,A1|P1|K1|A3,4
A1P1K1B1,1,2,2,5,0.525,OPIUM,A1|P1|K1|B1,4
A1P1K1B1A3,0,2,1,3,-0.740,CASTOREUM,A1|P1|K1|B1|A3,5
A1P1K1Ba,0,0,2,2,0.990,OPIUM,A1|P1|K1|Ba,4
A1P1K1J1,0,7,5,12,-2.228,CASTOREUM,A1|P1|K1|J1,4
A1P1K1J1A1,1,1,3,5,1.099,OPIUM,A1|P1|K1|J1|A1,5
A1P1K1J1B1,1,8,6,15,-1.188,CASTOREUM,A1|P1|K1|J1|B1,5
A1P1K1J1B1A3,1,2,1,4,0.525,OPIUM,A1|P1|K1|J1|B1|A3,6
A1P1K1J1Ba,0,5,0,5,-1.744,CASTOREUM,A1|P1|K1|J1|Ba,5
A1P1K1K2,0,1,2,3,-0.167,NEUTRAL,A1|P1|K1|K2,4
A1P1K1K2B1,0,2,1,3,-0.740,CASTOREUM,A1|P1|K1|K2|B1,5
A1P2A3,1,1,3,5,1.099,OPIUM,A1|P2|A3,3
A1P2K1,0,2,0,2,-0.740,CASTOREUM,A1|P2|K1,3
A1P2K1B1,0,2,0,2,-0.740,CASTOREUM,A1|P2|K1|B1,4
A1P2K1J1,0,0,2,2,0.990,OPIUM,A1|P2|K1|J1,4
A1P2K1J1B1,1,0,1,2,2.256,OPIUM,A1|P2|K1|J1|B1,5
A1Q1,4,8,11,23,0.699,OPIUM,A1|Q1,2
A1Q1A1B1,2,3,1,6,0.834,OPIUM,A1|Q1|A1|B1,4
A1Q1A1B2,0,1,1,2,-0.167,NEUTRAL,A1|Q1|A1|B2,4
A1Q1A1B2B1,0,0,3,3,0.990,OPIUM,A1|Q1|A1|B2|B1,5
A1Q1A3B2,0,3,2,5,-1.144,CASTOREUM,A1|Q1|A3|B2,4
A1Q1A3B2A3,0,4,2,6,-1.466,CASTOREUM,A1|Q1|A3|B2|A3,5
A1Q1A3C1A1,1,1,0,2,1.099,OPIUM,A1|Q1|A3|C1|A1,5
A1Q1A3C1A3,1,3,0,4,0.122,NEUTRAL,A1|Q1|A3|C1|A3,5
A1Q1A3E1,0,0,2,2,0.990,OPIUM,A1|Q1|A3|E1,4
A1Q1Aa,2,1,2,5,1.810,OPIUM,A1|Q1|Aa,3
A1Q1AaB2,0,1,1,2,-0.167,NEUTRAL,A1|Q1|Aa|B2,4
A1Q1J1A1B1,0,2,2,4,-0.740,CASTOREUM,A1|Q1|J1|A1|B1,5
A1Q1J1A1B1A3,0,1,1,2,-0.167,NEUTRAL,A1|Q1|J1|A1|B1|A3,6
A1Q1J1A1B2,0,1,1,2,-0.167,NEUTRAL,A1|Q1|J1|A1|B2,5
A1Q1J1A1Ba,0,2,3,5,-0.740,CASTOREUM,A1|Q1|J1|A1|Ba,5
A1Q1J1A3,0,8,3,11,-2.454,CASTOREUM,A1|Q1|J1|A3,4
A1Q1J1Aa,0,1,2,3,-0.167,NEUTRAL,A1|Q1|J1|Aa,4
A1Q1J1B1,1,7,3,11,-0.963,CASTOREUM,A1|Q1|J1|B1,4
A1Q1J1B1A3,0,4,2,6,-1.466,CASTOREUM,A1|Q1|J1|B1|A3,5
A1Q1J1Ba,1,6,0,7,-0.729,CASTOREUM,A1|Q1|J1|Ba,4
A1Q1J1BaA3,0,3,0,3,-1.144,CASTOREUM,A1|Q1|J1|Ba|A3,5
A1Q1J1K1,0,1,2,3,-0.167,NEUTRAL,A1|Q1|J1|K1,4
A1Q1J1K1A1,0,0,2,2,0.990,OPIUM,A1|Q1|J1|K1|A1,5
A1Q1J1K1J1B1,0,2,0,2,-0.740,CASTOREUM,A1|Q1|J1|K1|J1|B1,6
A1Q1K1,1,6,3,10,-0.729,CASTOREUM,A1|Q1|K1,3
A1Q1K1A1,1,3,2,6,0.122,NEUTRAL,A1|Q1|K1|A1,4
A1Q1K1A3,1,2,1,4,0.525,OPIUM,A1|Q1|K1|A3,4
A1Q1K1B1,2,1,1,4,1.810,OPIUM,A1|Q1|K1|B1,4
A1Q1K1B1A3,0,1,1,2,-0.167,NEUTRAL,A1|Q1|K1|B1|A3,5
A1Q1K1J1,0,6,4,10,-1.994,CASTOREUM,A1|Q1|K1|J1,4
A1Q1K1J1A1,0,0,2,2,0.990,OPIUM,A1|Q1|K1|J1|A1,5
A1Q1K1J1B1,1,3,4,8,0.122,NEUTRAL,A1|Q1|K1|J1|B1,5
A1Q1K1J1Ba,0,2,0,2,-0.740,CASTOREUM,A1|Q1|K1|J1|Ba,5
A1Q1K1K2,0,2,1,3,-0.740,CASTOREUM,A1|Q1|K1|K2,4
A1Q1K2,2,15,13,30,-2.412,CASTOREUM,A1|Q1|K2,3
A1Q1K2A1B1,0,1,6,7,-0.167,NEUTRAL,A1|Q1|K2|A1|B1,5
A1Q1K2A1B1A3,0,0,2,2,0.990,OPIUM,A1|Q1|K2|A1|B1|A3,6
A1Q1K2A1B2Q1K2,0,1,1,2,-0.167,NEUTRAL,A1|Q1|K2|A1|B2|Q1|K2,7
A1Q1K2A1Ba,1,1,0,2,1.099,OPIUM,A1|Q1|K2|A1|Ba,5
A1Q1K2A3,0,1,2,3,-0.167,NEUTRAL,A1|Q1|K2|A3,4
A1Q1K2B1,3,11,5,19,-0.571,CASTOREUM,A1|Q1|K2|B1,4
A1Q1K2B1A3,0,5,1,6,-1.744,CASTOREUM,A1|Q1|K2|B1|A3,5
A1Q1K2Ba,1,6,2,9,-0.729,CASTOREUM,A1|Q1|K2|Ba,4
A1Q1K2BaA3,0,2,0,2,-0.740,CASTOREUM,A1|Q1|K2|Ba|A3,5
A1Q1K2L1,0,1,1,2,-0.167,NEUTRAL,A1|Q1|K2|L1,4
A1Q1L1J1,0,2,3,5,-0.740,CASTOREUM,A1|Q1|L1|J1,4
A1Q1M1,0,9,6,15,-2.676,CASTOREUM,A1|Q1|M1,3
A1Q1M1B1,1,3,0,4,0.122,NEUTRAL,A1|Q1|M1|B1,4
A1Q1M1Ba,0,1,1,2,-0.167,NEUTRAL,A1|Q1|M1|Ba,4
A1Q2,3,10,10,23,-0.336,NEUTRAL,A1|Q2,2
A1Q2A1B1,2,1,2,5,1.810,OPIUM,A1|Q2|A1|B1,4
A1Q2A1B1A3,0,1,2,3,-0.167,NEUTRAL,A1|Q2|A1|B1|A3,5
A1Q2A1B2,1,0,2,3,2.256,OPIUM,A1|Q2|A1|B2,4
A1Q2A1B2B1,0,0,2,2,0.990,OPIUM,A1|Q2|A1|B2|B1,5
A1Q2A1Ba,0,1,1,2,-0.167,NEUTRAL,A1|Q2|A1|Ba,4
A1Q2A1C1,0,1,1,2,-0.167,NEUTRAL,A1|Q2|A1|C1,4
A1Q2A1C1A3,0,0,4,4,0.990,OPIUM,A1|Q2|A1|C1|A3,5
A1Q2A1Q1,0,0,2,2,0.990,OPIUM,A1|Q2|A1|Q1,4
A1Q2A3B2,1,1,4,6,1.099,OPIUM,A1|Q2|A3|B2,4
A1Q2A3B2A3,1,2,2,5,0.525,OPIUM,A1|Q2|A3|B2|A3,5
A1Q2A3B2B1,0,1,1,2,-0.167,NEUTRAL,A1|Q2|A3|B2|B1,5
A1Q2A3B2Ba,1,1,0,2,1.099,OPIUM,A1|Q2|A3|B2|Ba,5
A1Q2A3B2C2,0,1,1,2,-0.167,NEUTRAL,A1|Q2|A3|B2|C2,5
A1Q2A3C1,0,1,1,2,-0.167,NEUTRAL,A1|Q2|A3|C1,4
A1Q2A3C1A3,2,4,4,10,0.511,OPIUM,A1|Q2|A3|C1|A3,5
A1Q2A3E1,0,3,0,3,-1.144,CASTOREUM,A1|Q2|A3|E1,4
A1Q2Aa,1,2,1,4,0.525,OPIUM,A1|Q2|Aa,3
A1Q2J1,0,10,5,15,-2.901,CASTOREUM,A1|Q2|J1,3
A1Q2J1A1B1,0,6,7,13,-1.994,CASTOREUM,A1|Q2|J1|A1|B1,5
A1Q2J1A1B1A3,0,2,4,6,-0.740,CASTOREUM,A1|Q2|J1|A1|B1|A3,6
A1Q2J1A3,0,7,1,8,-2.228,CASTOREUM,A1|Q2|J1|A3,4
A1Q2J1B1,1,9,5,15,-1.411,CASTOREUM,A1|Q2|J1|B1,4
A1Q2J1B1A3,0,3,4,7,-1.144,CASTOREUM,A1|Q2|J1|B1|A3,5
A1Q2J1Ba,1,9,3,13,-1.411,CASTOREUM,A1|Q2|J1|Ba,4
A1Q2J1BaA3,0,3,2,5,-1.144,CASTOREUM,A1|Q2|J1|Ba|A3,5
A1Q2J1K1,0,0,3,3,0.990,OPIUM,A1|Q2|J1|K1,4
A1Q2J1K1B1,0,0,2,2,0.990,OPIUM,A1|Q2|J1|K1|B1,5
A1Q2J1K1J1Ba,0,2,0,2,-0.740,CASTOREUM,A1|Q2|J1|K1|J1|Ba,6
A1Q2K1,1,1,3,5,1.099,OPIUM,A1|Q2|K1,3
A1Q2K1A1,1,2,5,8,0.525,OPIUM,A1|Q2|K1|A1,4
A1Q2K1A3,0,1,2,3,-0.167,NEUTRAL,A1|Q2|K1|A3,4
A1Q2K1B1,0,3,1,4,-1.144,CASTOREUM,A1|Q2|K1|B1,4
A1Q2K1Ba,1,1,2,4,1.099,OPIUM,A1|Q2|K1|Ba,4
A1Q2K1J1,0,5,4,9,-1.744,CASTOREUM,A1|Q2|K1|J1,4
A1Q2K1J1A1,0,0,2,2,0.990,OPIUM,A1|Q2|K1|J1|A1,5
A1Q2K1J1B1,1,2,5,8,0.525,OPIUM,A1|Q2|K1|J1|B1,5
A1Q2K1J1B1A3,1,1,0,2,1.099,OPIUM,A1|Q2|K1|J1|B1|A3,6
A1Q2K1J1Ba,0,1,2,3,-0.167,NEUTRAL,A1|Q2|K1|J1|Ba,5
A1Q2K1K2,0,0,4,4,0.990,OPIUM,A1|Q2|K1|K2,4
A1Q2K2,3,12,16,31,-0.821,CASTOREUM,A1|Q2|K2,3
A1Q2K2A1,0,4,7,11,-1.466,CASTOREUM,A1|Q2|K2|A1,4
A1Q2K2A1B1,1,1,2,4,1.099,OPIUM,A1|Q2|K2|A1|B1,5
A1Q2K2A1Ba,0,2,0,2,-0.740,CASTOREUM,A1|Q2|K2|A1|Ba,5
A1Q2K2A3,0,2,0,2,-0.740,CASTOREUM,A1|Q2|K2|A3,4
A1Q2K2B1,2,12,8,22,-1.409,CASTOREUM,A1|Q2|K2|B1,4
A1Q2K2B1A3,1,4,1,6,-0.201,NEUTRAL,A1|Q2|K2|B1|A3,5
A1Q2K2Ba,0,8,2,10,-2.454,CASTOREUM,A1|Q2|K2|Ba,4
A1Q2L1J1B1,0,3,0,3,-1.144,CASTOREUM,A1|Q2|L1|J1|B1,5
A1Q2L1J1Ba,1,1,0,2,1.099,OPIUM,A1|Q2|L1|J1|Ba,5
A1Q2M1,0,4,3,7,-1.466,CASTOREUM,A1|Q2|M1,3
A1QaA3,0,0,2,2,0.990,OPIUM,A1|Qa|A3,3
A1QaL1J1,0,1,1,2,-0.167,NEUTRAL,A1|Qa|L1|J1,4
A1U1,0,1,2,3,-0.167,NEUTRAL,A1|U1,2
A1U1J1,0,1,2,3,-0.167,NEUTRAL,A1|U1|J1,3
A1U1J1B1,0,1,1,2,-0.167,NEUTRAL,A1|U1|J1|B1,4
A1U2,0,2,2,4,-0.740,CASTOREUM,A1|U2,2
A1U2B1,1,1,0,2,1.099,OPIUM,A1|U2|B1,3
A1U4,0,2,0,2,-0.740,CASTOREUM,A1|U4,2
A1W1,0,1,1,2,-0.167,NEUTRAL,A1|W1,2
A2,4,14,16,34,-0.834,CASTOREUM,A2,1
A2B1A3,1,3,2,6,0.122,NEUTRAL,A2|B1|A3,3
A2B2Q1A3,0,0,2,2,0.990,OPIUM,A2|B2|Q1|A3,4
A2C2A3,0,2,3,5,-0.740,CASTOREUM,A2|C2|A3,3
A2K1A1,0,2,4,6,-0.740,CASTOREUM,A2|K1|A1,3
A2K1A3,0,1,2,3,-0.167,NEUTRAL,A2|K1|A3,3
A2K1J1,0,5,7,12,-1.744,CASTOREUM,A2|K1|J1,3
A2K1J1A1,2,4,3,9,0.511,OPIUM,A2|K1|J1|A1,4
A2K1J1A1B1,0,2,0,2,-0.740,CASTOREUM,A2|K1|J1|A1|B1,5
A2K1J1A3,0,2,2,4,-0.740,CASTOREUM,A2|K1|J1|A3,4
A2K1J1B1,0,1,1,2,-0.167,NEUTRAL,A2|K1|J1|B1,4
A2K1J1B1A3,1,1,2,4,1.099,OPIUM,A2|K1|J1|B1|A3,5
A2K1J1BaA3,0,1,1,2,-0.167,NEUTRAL,A2|K1|J1|Ba|A3,5
A2K1K2,2,9,9,20,-0.699,CASTOREUM,A2|K1|K2,3
A2K1K2A1,0,1,2,3,-0.167,NEUTRAL,A2|K1|K2|A1,4
A2K1K2A1B1A3,1,1,0,2,1.099,OPIUM,A2|K1|K2|A1|B1|A3,6
A2K1K2B1,0,2,1,3,-0.740,CASTOREUM,A2|K1|K2|B1,4
A2L1,0,1,1,2,-0.167,NEUTRAL,A2|L1,2
A2L1A1,1,1,2,4,1.099,OPIUM,A2|L1|A1,3
A2L1A3,0,1,1,2,-0.167,NEUTRAL,A2|L1|A3,3
A2L1J1,0,4,3,7,-1.466,CASTOREUM,A2|L1|J1,3
A2L1J1A1,0,1,3,4,-0.167,NEUTRAL,A2|L1|J1|A1,4
A2L1J1A3,0,2,0,2,-0.740,CASTOREUM,A2|L1|J1|A3,4
A2L1K2,0,1,1,2,-0.167,NEUTRAL,A2|L1|K2,3
A2L1K2A1B1,0,0,2,2,0.990,OPIUM,A2|L1|K2|A1|B1,5
A2L1K2B1,0,2,0,2,-0.740,CASTOREUM,A2|L1|K2|B1,4
A2P1A3,0,0,2,2,0.990,OPIUM,A2|P1|A3,3
A2P1K1J1B1,1,0,2,3,2.256,OPIUM,A2|P1|K1|J1|B1,5
A2P2A1B2A3,0,0,2,2,0.990,OPIUM,A2|P2|A1|B2|A3,5
A2Q1,1,1,1,3,1.099,OPIUM,A2|Q1,2
A2Q1A1,1,1,0,2,1.099,OPIUM,A2|Q1|A1,3
A2Q1A3,3,6,6,15,0.571,OPIUM,A2|Q1|A3,3
A2Q1J1,0,0,2,2,0.990,OPIUM,A2|Q1|J1,3
A2Q1J1A1,1,1,6,8,1.099,OPIUM,A2|Q1|J1|A1,4
A2Q1J1A1B1,0,0,2,2,0.990,OPIUM,A2|Q1|J1|A1|B1,5
A2Q1J1A1B1A3,1,0,1,2,2.256,OPIUM,A2|Q1|J1|A1|B1|A3,6
A2Q1J1A1Ba,1,0,1,2,2.256,OPIUM,A2|Q1|J1|A1|Ba,5
A2Q1J1B1,1,1,0,2,1.099,OPIUM,A2|Q1|J1|B1,4
A2Q1J1Ba,1,0,1,2,2.256,OPIUM,A2|Q1|J1|Ba,4
A2Q1K1,0,0,2,2,0.990,OPIUM,A2|Q1|K1,3
A2Q1K1B1,0,0,3,3,0.990,OPIUM,A2|Q1|K1|B1,4
A2Q1K1J1,0,0,2,2,0.990,OPIUM,A2|Q1|K1|J1,4
A2Q1K1J1B1,1,1,2,4,1.099,OPIUM,A2|Q1|K1|J1|B1,5
A2Q1K2,1,7,8,16,-0.963,CASTOREUM,A2|Q1|K2,3
A2Q1K2A1,0,4,6,10,-1.466,CASTOREUM,A2|Q1|K2|A1,4
A2Q1K2A1B1,1,1,1,3,1.099,OPIUM,A2|Q1|K2|A1|B1,5
A2Q1K2A3,0,1,2,3,-0.167,NEUTRAL,A2|Q1|K2|A3,4
A2Q1K2B1,2,3,2,7,0.834,OPIUM,A2|Q1|K2|B1,4
A2Q1K2B1A3,0,1,1,2,-0.167,NEUTRAL,A2|Q1|K2|B1|A3,5
A2Q1K2Ba,0,2,0,2,-0.740,CASTOREUM,A2|Q1|K2|Ba,4
A2Q1M1,1,1,2,4,1.099,OPIUM,A2|Q1|M1,3
A2Q2,1,1,2,4,1.099,OPIUM,A2|Q2,2
A2Q2A1,1,0,3,4,2.256,OPIUM,A2|Q2|A1,3
A2Q2A3,4,4,7,15,1.686,OPIUM,A2|Q2|A3,3
A2Q2J1,0,0,2,2,0.990,OPIUM,A2|Q2|J1,3
A2Q2J1A1B1,0,0,2,2,0.990,OPIUM,A2|Q2|J1|A1|B1,5
A2Q2J1A1B1A3,0,1,1,2,-0.167,NEUTRAL,A2|Q2|J1|A1|B1|A3,6
A2Q2J1B1,0,1,1,2,-0.167,NEUTRAL,A2|Q2|J1|B1,4
A2Q2K1J1,1,2,1,4,0.525,OPIUM,A2|Q2|K1|J1,4
A2Q2K1J1B1,0,2,2,4,-0.740,CASTOREUM,A2|Q2|K1|J1|B1,5
A2Q2K2,1,2,4,7,0.525,OPIUM,A2|Q2|K2,3
A2Q2K2A1,0,1,1,2,-0.167,NEUTRAL,A2|Q2|K2|A1,4
A2Q2K2A1B1,0,0,4,4,0.990,OPIUM,A2|Q2|K2|A1|B1,5
A2Q2K2B1,0,3,5,8,-1.144,CASTOREUM,A2|Q2|K2|B1,4
A2Q2K2Ba,1,0,1,2,2.256,OPIUM,A2|Q2|K2|Ba,4
A2Q2M1,1,2,1,4,0.525,OPIUM,A2|Q2|M1,3
A3,5,17,22,44,-2.256,CASTOREUM,A3,1
A3B2,1,7,1,9,-0.963,CASTOREUM,A3|B2,2
A3B2A1,1,5,5,11,-0.478,NEUTRAL,A3|B2|A1,3
A3B2A1B1,0,1,1,2,-0.167,NEUTRAL,A3|B2|A1|B1,4
A3B2A1B1A3,0,2,0,2,-0.740,CASTOREUM,A3|B2|A1|B1|A3,5
A3B2A1B2,0,2,0,2,-0.740,CASTOREUM,A3|B2|A1|B2,4
A3B2A3,0,5,3,8,-1.744,CASTOREUM,A3|B2|A3,3
A3B2B1,0,1,1,2,-0.167,NEUTRAL,A3|B2|B1,3
A3B2Ba,0,0,2,2,0.990,OPIUM,A3|B2|Ba,3
A3B2K1,0,1,1,2,-0.167,NEUTRAL,A3|B2|K1,3
A3B2K1J1B1,0,0,2,2,0.990,OPIUM,A3|B2|K1|J1|B1,5
A3B2Q1,0,1,1,2,-0.167,NEUTRAL,A3|B2|Q1,3
A3B2Q1A3,1,6,5,12,-0.729,CASTOREUM,A3|B2|Q1|A3,4
A3B2Q1K2A1,0,2,0,2,-0.740,CASTOREUM,A3|B2|Q1|K2|A1,5
A3B2Q1K2B1,0,2,1,3,-0.740,CASTOREUM,A3|B2|Q1|K2|B1,5
A3B2Q1M1,0,0,2,2,0.990,OPIUM,A3|B2|Q1|M1,4
A3B3,0,1,1,2,-0.167,NEUTRAL,A3|B3,2
A3B3K1,0,2,0,2,-0.740,CASTOREUM,A3|B3|K1,3
A3C1,2,4,3,9,0.511,OPIUM,A3|C1,2
A3C1A1,1,2,3,6,0.525,OPIUM,A3|C1|A1,3
A3C1A1B1,0,2,6,8,-0.740,CASTOREUM,A3|C1|A1|B1,4
A3C1A1B2Q1K2,0,1,1,2,-0.167,NEUTRAL,A3|C1|A1|B2|Q1|K2,6
A3C1A3,4,7,4,15,0.924,OPIUM,A3|C1|A3,3
A3E1,1,2,3,6,0.525,OPIUM,A3|E1,2
A3E1B2B1,0,1,1,2,-0.167,NEUTRAL,A3|E1|B2|B1,4
A3F3A1,1,3,2,6,0.122,NEUTRAL,A3|F3|A1,3
A3F3A3,0,0,4,4,0.990,OPIUM,A3|F3|A3,3
A3G1A3,0,0,2,2,0.990,OPIUM,A3|G1|A3,3
A3G3A1,0,0,2,2,0.990,OPIUM,A3|G3|A1,3
A3Q1,0,2,1,3,-0.740,CASTOREUM,A3|Q1,2
A3Q1A3,1,1,2,4,1.099,OPIUM,A3|Q1|A3,3
A3Q1K2,0,2,0,2,-0.740,CASTOREUM,A3|Q1|K2,3
A3U3,0,1,1,2,-0.167,NEUTRAL,A3|U3,2
A3U4,0,0,2,2,0.990,OPIUM,A3|U4,2
Aa,2,9,7,18,-0.699,CASTOREUM,Aa,1
AaB1A3,0,2,0,2,-0.740,CASTOREUM,Aa|B1|A3,3
AaB2,0,1,3,4,-0.167,NEUTRAL,Aa|B2,2
AaB2Q1A3,0,1,1,2,-0.167,NEUTRAL,Aa|B2|Q1|A3,4
AaC1A3,0,2,1,3,-0.740,CASTOREUM,Aa|C1|A3,3
AaC2A3,0,1,1,2,-0.167,NEUTRAL,Aa|C2|A3,3
AaP1A3,0,1,1,2,-0.167,NEUTRAL,Aa|P1|A3,3
AaQ1A3,0,6,5,11,-1.994,CASTOREUM,Aa|Q1|A3,3
AaQ1K2,0,6,3,9,-1.994,CASTOREUM,Aa|Q1|K2,3
AaQ2A3,0,1,3,4,-0.167,NEUTRAL,Aa|Q2|A3,3
AaQ2K2,0,0,2,2,0.990,OPIUM,Aa|Q2|K2,3
B1,3,9,13,25,-0.111,NEUTRAL,B1,1
B1A1,3,7,11,21,0.336,NEUTRAL,B1|A1,2
B1A1B2,0,0,2,2,0.990,OPIUM,B1|A1|B2,3
B1A1B2K1J1,0,1,1,2,-0.167,NEUTRAL,B1|A1|B2|K1|J1,5
B1A1C1,0,0,2,2,0.990,OPIUM,B1|A1|C1,3
B1A3,6,17,23,46,-0.990,CASTOREUM,B1|A3,2
B1A3B2,0,1,3,4,-0.167,NEUTRAL,B1|A3|B2,3
B1A3B2A1,1,1,0,2,1.099,OPIUM,B1|A3|B2|A1,4
B1A3B2A3,1,1,1,3,1.099,OPIUM,B1|A3|B2|A3,4
B1A3B2K1,1,1,0,2,1.099,OPIUM,B1|A3|B2|K1,4
B1A3B2K1B1,1,0,1,2,2.256,OPIUM,B1|A3|B2|K1|B1,5
B1A3B2L1B1,1,0,1,2,2.256,OPIUM,B1|A3|B2|L1|B1,5
B1A3B2Q1A3,0,2,0,2,-0.740,CASTOREUM,B1|A3|B2|Q1|A3,5
B1A3B2Q1J1B1,0,1,1,2,-0.167,NEUTRAL,B1|A3|B2|Q1|J1|B1,6
B1A3C1,1,1,3,5,1.099,OPIUM,B1|A3|C1,3
B1A3C1A3,0,1,2,3,-0.167,NEUTRAL,B1|A3|C1|A3,4
B1A3C1A3B2,1,0,1,2,2.256,OPIUM,B1|A3|C1|A3|B2,5
B1A3E1,0,1,1,2,-0.167,NEUTRAL,B1|A3|E1,3
B1A3F2,0,0,2,2,0.990,OPIUM,B1|A3|F2,3
B1A3F3,0,1,2,3,-0.167,NEUTRAL,B1|A3|F3,3
B1A3F3A3,0,1,1,2,-0.167,NEUTRAL,B1|A3|F3|A3,4
B1A3G1B1,0,0,2,2,0.990,OPIUM,B1|A3|G1|B1,4
B1A3G3A3,1,0,1,2,2.256,OPIUM,B1|A3|G3|A3,4
B1Aa,0,4,2,6,-1.466,CASTOREUM,B1|Aa,2
B1B2A3,0,2,0,2,-0.740,CASTOREUM,B1|B2|A3,3
B1B2K1,0,2,1,3,-0.740,CASTOREUM,B1|B2|K1,3
B1J1,0,2,0,2,-0.740,CASTOREUM,B1|J1,2
B1K1,1,0,1,2,2.256,OPIUM,B1|K1,2
B1K1B1,1,0,1,2,2.256,OPIUM,B1|K1|B1,3
B1K1J1,0,2,4,6,-0.740,CASTOREUM,B1|K1|J1,3
B1K1J1A1,1,6,3,10,-0.729,CASTOREUM,B1|K1|J1|A1,4
B1K1J1A1B1,0,1,1,2,-0.167,NEUTRAL,B1|K1|J1|A1|B1,5
B1K1J1B1,1,3,3,7,0.122,NEUTRAL,B1|K1|J1|B1,4
B1K1K2,0,2,3,5,-0.740,CASTOREUM,B1|K1|K2,3
B1K1K2A1,0,2,1,3,-0.740,CASTOREUM,B1|K1|K2|A1,4
B1K1K2B1,0,1,1,2,-0.167,NEUTRAL,B1|K1|K2|B1,4
B1K2,0,0,3,3,0.990,OPIUM,B1|K2,2
B1L1A1,0,1,1,2,-0.167,NEUTRAL,B1|L1|A1,3
B1L1J1,0,3,1,4,-1.144,CASTOREUM,B1|L1|J1,3
B1L1J1B1,1,1,1,3,1.099,OPIUM,B1|L1|J1|B1,4
B1L1K2,0,4,1,5,-1.466,CASTOREUM,B1|L1|K2,3
B1L1K2B1,1,1,1,3,1.099,OPIUM,B1|L1|K2|B1,4
B1LbK2,0,2,0,2,-0.740,CASTOREUM,B1|Lb|K2,3
B1Q1A3,1,1,0,2,1.099,OPIUM,B1|Q1|A3,3
B2,3,13,11,27,-1.099,CASTOREUM,B2,1
B2A1,0,10,11,21,-2.901,CASTOREUM,B2|A1,2
B2A1A3,0,3,0,3,-1.144,CASTOREUM,B2|A1|A3,3
B2A1B1,0,1,1,2,-0.167,NEUTRAL,B2|A1|B1,3
B2A1B2Q1A3,0,1,1,2,-0.167,NEUTRAL,B2|A1|B2|Q1|A3,5
B2A1Q1A3,0,2,0,2,-0.740,CASTOREUM,B2|A1|Q1|A3,4
B2A1Q1K2,0,3,0,3,-1.144,CASTOREUM,B2|A1|Q1|K2,4
B2A1Q2,0,3,0,3,-1.144,CASTOREUM,B2|A1|Q2,3
B2A3,1,7,3,11,-0.963,CASTOREUM,B2|A3,2
B2Aa,1,4,0,5,-0.201,NEUTRAL,B2|Aa,2
B2B1,0,4,1,5,-1.466,CASTOREUM,B2|B1,2
B2B1A3,1,2,3,6,0.525,OPIUM,B2|B1|A3,3
B2B2A1,0,2,0,2,-0.740,CASTOREUM,B2|B2|A1,3
B2B2B1,0,1,1,2,-0.167,NEUTRAL,B2|B2|B1,3
B2C1A3,0,1,1,2,-0.167,NEUTRAL,B2|C1|A3,3
B2K1,0,3,4,7,-1.144,CASTOREUM,B2|K1,2
B2K1A1,0,1,1,2,-0.167,NEUTRAL,B2|K1|A1,3
B2K1A3,0,4,1,5,-1.466,CASTOREUM,B2|K1|A3,3
B2K1B1,0,4,2,6,-1.466,CASTOREUM,B2|K1|B1,3
B2K1B1A3,0,2,0,2,-0.740,CASTOREUM,B2|K1|B1|A3,4
B2K1Ba,0,2,0,2,-0.740,CASTOREUM,B2|K1|Ba,3
B2K1BaA3,0,1,1,2,-0.167,NEUTRAL,B2|K1|Ba|A3,4
B2K1J1,1,10,2,13,-1.636,CASTOREUM,B2|K1|J1,3
B2K1J1A1,1,6,1,8,-0.729,CASTOREUM,B2|K1|J1|A1,4
B2K1J1A3,0,2,0,2,-0.740,CASTOREUM,B2|K1|J1|A3,4
B2K1J1B1,2,10,5,17,-0.924,CASTOREUM,B2|K1|J1|B1,4
B2K1J1Ba,0,5,4,9,-1.744,CASTOREUM,B2|K1|J1|Ba,4
B2K1K2,1,3,3,7,0.122,NEUTRAL,B2|K1|K2,3
B2K1K2B1,0,2,2,4,-0.740,CASTOREUM,B2|K1|K2|B1,4
B2L1,0,1,1,2,-0.167,NEUTRAL,B2|L1,2
B2L1A1,0,2,0,2,-0.740,CASTOREUM,B2|L1|A1,3
B2L1J1,0,6,1,7,-1.994,CASTOREUM,B2|L1|J1,3
B2L1J1A1,0,2,0,2,-0.740,CASTOREUM,B2|L1|J1|A1,4
B2L1J1B1,1,4,2,7,-0.201,NEUTRAL,B2|L1|J1|B1,4
B2L1J1Ba,0,1,1,2,-0.167,NEUTRAL,B2|L1|J1|Ba,4
B2L1K2,0,2,0,2,-0.740,CASTOREUM,B2|L1|K2,3
B2M1,0,2,0,2,-0.740,CASTOREUM,B2|M1,2
B2P1A3,0,2,0,2,-0.740,CASTOREUM,B2|P1|A3,3
B2P1K1J1B1,0,2,1,3,-0.740,CASTOREUM,B2|P1|K1|J1|B1,5
B2Q1,0,6,6,12,-1.994,CASTOREUM,B2|Q1,2
B2Q1A1,0,0,2,2,0.990,OPIUM,B2|Q1|A1,3
B2Q1A3,0,12,8,20,-3.386,CASTOREUM,B2|Q1|A3,3
B2Q1J1,1,3,4,8,0.122,NEUTRAL,B2|Q1|J1,3
B2Q1J1A1,1,1,1,3,1.099,OPIUM,B2|Q1|J1|A1,4
B2Q1J1A1B1,0,1,2,3,-0.167,NEUTRAL,B2|Q1|J1|A1|B1,5
B2Q1J1A1B1A3,0,1,1,2,-0.167,NEUTRAL,B2|Q1|J1|A1|B1|A3,6
B2Q1J1A3,0,4,0,4,-1.466,CASTOREUM,B2|Q1|J1|A3,4
B2Q1J1B1,0,3,2,5,-1.144,CASTOREUM,B2|Q1|J1|B1,4
B2Q1J1B1A3,0,3,0,3,-1.144,CASTOREUM,B2|Q1|J1|B1|A3,5
B2Q1J1Ba,0,6,0,6,-1.994,CASTOREUM,B2|Q1|J1|Ba,4
B2Q1J1BaA3,0,1,1,2,-0.167,NEUTRAL,B2|Q1|J1|Ba|A3,5
B2Q1J1K1J1,0,2,0,2,-0.740,CASTOREUM,B2|Q1|J1|K1|J1,5
B2Q1J1K1J1B1,0,1,2,3,-0.167,NEUTRAL,B2|Q1|J1|K1|J1|B1,6
B2Q1K1,0,2,1,3,-0.740,CASTOREUM,B2|Q1|K1,3
B2Q1K1B1,0,1,1,2,-0.167,NEUTRAL,B2|Q1|K1|B1,4
B2Q1K1Ba,0,1,1,2,-0.167,NEUTRAL,B2|Q1|K1|Ba,4
B2Q1K1J1,0,3,1,4,-1.144,CASTOREUM,B2|Q1|K1|J1,4
B2Q1K1J1B1,0,2,3,5,-0.740,CASTOREUM,B2|Q1|K1|J1|B1,5
B2Q1K1J1Ba,0,1,1,2,-0.167,NEUTRAL,B2|Q1|K1|J1|Ba,5
B2Q1K2,0,11,5,16,-3.135,CASTOREUM,B2|Q1|K2,3
B2Q1K2A1,0,3,2,5,-1.144,CASTOREUM,B2|Q1|K2|A1,4
B2Q1K2A1B1,0,2,1,3,-0.740,CASTOREUM,B2|Q1|K2|A1|B1,5
B2Q1K2B1,1,8,4,13,-1.188,CASTOREUM,B2|Q1|K2|B1,4
B2Q1K2B1A3,0,0,3,3,0.990,OPIUM,B2|Q1|K2|B1|A3,5
B2Q1K2Ba,0,4,1,5,-1.466,CASTOREUM,B2|Q1|K2|Ba,4
B2Q1L1J1B1,0,1,2,3,-0.167,NEUTRAL,B2|Q1|L1|J1|B1,5
B2Q1M1,0,6,2,8,-1.994,CASTOREUM,B2|Q1|M1,3
B2Q1M1B1,0,1,1,2,-0.167,NEUTRAL,B2|Q1|M1|B1,4
B2Q1M1Ba,0,2,0,2,-0.740,CASTOREUM,B2|Q1|M1|Ba,4
B2Q2,0,1,1,2,-0.167,NEUTRAL,B2|Q2,2
B2Q2A3,0,3,2,5,-1.144,CASTOREUM,B2|Q2|A3,3
B2Q2J1B1,0,1,1,2,-0.167,NEUTRAL,B2|Q2|J1|B1,4
B2Q2K2B1,0,2,0,2,-0.740,CASTOREUM,B2|Q2|K2|B1,4
B2Q2K2Ba,0,1,1,2,-0.167,NEUTRAL,B2|Q2|K2|Ba,4
Ba,1,2,5,8,0.525,OPIUM,Ba,1
BaA1,2,0,3,5,2.968,OPIUM,Ba|A1,2
BaA3,5,14,17,36,-0.122,NEUTRAL,Ba|A3,2
BaA3B2,0,1,1,2,-0.167,NEUTRAL,Ba|A3|B2,3
BaA3C1A3,1,1,0,2,1.099,OPIUM,Ba|A3|C1|A3,4
C1,2,14,10,26,-2.009,CASTOREUM,C1,1
C1A1,1,8,3,12,-1.188,CASTOREUM,C1|A1,2
C1A1B1,0,1,1,2,-0.167,NEUTRAL,C1|A1|B1,3
C1A1B1A3,0,1,1,2,-0.167,NEUTRAL,C1|A1|B1|A3,4
C1A3B2K1,0,2,0,2,-0.740,CASTOREUM,C1|A3|B2|K1,4
C1A3C1,0,0,2,2,0.990,OPIUM,C1|A3|C1,3
C1A3C1A3,0,4,2,6,-1.466,CASTOREUM,C1|A3|C1|A3,4
C1Aa,0,1,1,2,-0.167,NEUTRAL,C1|Aa,2
C1K1J1Ba,0,2,0,2,-0.740,CASTOREUM,C1|K1|J1|Ba,4
C1K1K2,0,1,1,2,-0.167,NEUTRAL,C1|K1|K2,3
C2,4,11,21,36,0.017,NEUTRAL,C2,1
C2A1A3,0,0,2,2,0.990,OPIUM,C2|A1|A3,3
C2A1B2Q1A3,0,1,1,2,-0.167,NEUTRAL,C2|A1|B2|Q1|A3,5
C2A1C1A3,0,1,6,7,-0.167,NEUTRAL,C2|A1|C1|A3,4
C2A1J1,0,0,2,2,0.990,OPIUM,C2|A1|J1,3
C2A3,4,17,20,41,-2.968,CASTOREUM,C2|A3,2
C2A3B2,0,2,1,3,-0.740,CASTOREUM,C2|A3|B2,3
C2A3B2A3,0,1,1,2,-0.167,NEUTRAL,C2|A3|B2|A3,4
C2A3B2B1A3,0,0,2,2,0.990,OPIUM,C2|A3|B2|B1|A3,5
C2A3C1,1,0,2,3,2.256,OPIUM,C2|A3|C1,3
C2A3C1A1,0,2,0,2,-0.740,CASTOREUM,C2|A3|C1|A1,4
C2A3C1A3,0,3,1,4,-1.144,CASTOREUM,C2|A3|C1|A3,4
C2A3F3,0,2,2,4,-0.740,CASTOREUM,C2|A3|F3,3
C2A3F3A1,0,2,1,3,-0.740,CASTOREUM,C2|A3|F3|A1,4
C2Aa,1,3,3,7,0.122,NEUTRAL,C2|Aa,2
C2K1J1,0,2,0,2,-0.740,CASTOREUM,C2|K1|J1,3
C2K1J1A1,0,1,1,2,-0.167,NEUTRAL,C2|K1|J1|A1,4
C2Q1A3,0,1,1,2,-0.167,NEUTRAL,C2|Q1|A3,3
CdA3,1,1,0,2,1.099,OPIUM,Cd|A3,2
D1A1A1,1,2,4,7,0.525,OPIUM,D1|A1|A1,3
D1A1A1B1A3,1,1,0,2,1.099,OPIUM,D1|A1|A1|B1|A3,5
D1A1B1,0,2,2,4,-0.740,CASTOREUM,D1|A1|B1,3
D1A1B1A3,4,5,8,17,1.409,OPIUM,D1|A1|B1|A3,4
D1A1B1J1,0,0,2,2,0.990,OPIUM,D1|A1|B1|J1,4
D1A1B2A3,0,0,2,2,0.990,OPIUM,D1|A1|B2|A3,4
D1A1B2Q1A3,0,1,1,2,-0.167,NEUTRAL,D1|A1|B2|Q1|A3,5
D1A1BaA3,0,2,3,5,-0.740,CASTOREUM,D1|A1|Ba|A3,4
D1A1C2A3,0,2,0,2,-0.740,CASTOREUM,D1|A1|C2|A3,4
D1A1J1,0,2,1,3,-0.740,CASTOREUM,D1|A1|J1,3
D1A1J1A1,0,0,2,2,0.990,OPIUM,D1|A1|J1|A1,4
D1A1J1B1A3,1,0,1,2,2.256,OPIUM,D1|A1|J1|B1|A3,5
D1A1J1Q1J1A1,0,0,2,2,0.990,OPIUM,D1|A1|J1|Q1|J1|A1,6
D1A1J1Q1K2,1,1,0,2,1.099,OPIUM,D1|A1|J1|Q1|K2,5
D1A1J1Q2A3,0,1,1,2,-0.167,NEUTRAL,D1|A1|J1|Q2|A3,5
D1A1K1J1,0,3,2,5,-1.144,CASTOREUM,D1|A1|K1|J1,4
D1A1K2,2,4,6,12,0.511,OPIUM,D1|A1|K2,3
D1A1K2A1,1,3,0,4,0.122,NEUTRAL,D1|A1|K2|A1,4
D1A1K2A1B1,1,0,1,2,2.256,OPIUM,D1|A1|K2|A1|B1,5
D1A1K2B1,1,3,2,6,0.122,NEUTRAL,D1|A1|K2|B1,4
D1A1K2B1A3,1,1,1,3,1.099,OPIUM,D1|A1|K2|B1|A3,5
D1A1K2Ba,0,1,1,2,-0.167,NEUTRAL,D1|A1|K2|Ba,4
D1A1M1,0,5,2,7,-1.744,CASTOREUM,D1|A1|M1,3
D1A1P1A1,0,2,2,4,-0.740,CASTOREUM,D1|A1|P1|A1,4
D1A1P1A3,1,2,4,7,0.525,OPIUM,D1|A1|P1|A3,4
D1A1P1B1A3,1,0,1,2,2.256,OPIUM,D1|A1|P1|B1|A3,5
D1A1P1K1,0,2,1,3,-0.740,CASTOREUM,D1|A1|P1|K1,4
D1A1P1K1A1,0,1,1,2,-0.167,NEUTRAL,D1|A1|P1|K1|A1,5
D1A1P1K1A3,0,1,2,3,-0.167,NEUTRAL,D1|A1|P1|K1|A3,5
D1A1P1K1B1,2,4,3,9,0.511,OPIUM,D1|A1|P1|K1|B1,5
D1A1P1K1Ba,0,1,1,2,-0.167,NEUTRAL,D1|A1|P1|K1|Ba,5
D1A1P1K1J1,0,4,3,7,-1.466,CASTOREUM,D1|A1|P1|K1|J1,5
D1A1P1K1J1B1,1,5,6,12,-0.478,NEUTRAL,D1|A1|P1|K1|J1|B1,6
D1A1P1K1J1B1A3,1,1,0,2,1.099,OPIUM,D1|A1|P1|K1|J1|B1|A3,7
D1A1P1K1J1Ba,0,0,2,2,0.990,OPIUM,D1|A1|P1|K1|J1|Ba,6
D1A1P1K1K2,0,1,1,2,-0.167,NEUTRAL,D1|A1|P1|K1|K2,5
D1A1P2A3,1,1,0,2,1.099,OPIUM,D1|A1|P2|A3,4
D1A1P2K1A1,1,0,1,2,2.256,OPIUM,D1|A1|P2|K1|A1,5
D1A1P2K1J1B1,0,4,0,4,-1.466,CASTOREUM,D1|A1|P2|K1|J1|B1,6
D1A1Q1,4,12,10,26,-0.233,NEUTRAL,D1|A1|Q1,3
D1A1Q1A1,3,6,13,22,0.571,OPIUM,D1|A1|Q1|A1,4
D1A1Q1A1B1,0,1,1,2,-0.167,NEUTRAL,D1|A1|Q1|A1|B1,5
D1A1Q1A1B1A3,1,1,0,2,1.099,OPIUM,D1|A1|Q1|A1|B1|A3,6
D1A1Q1A3,5,15,12,32,-0.525,CASTOREUM,D1|A1|Q1|A3,4
D1A1Q1A3B2,0,1,1,2,-0.167,NEUTRAL,D1|A1|Q1|A3|B2,5
D1A1Q1A3C1A3,0,2,0,2,-0.740,CASTOREUM,D1|A1|Q1|A3|C1|A3,6
D1A1Q1A3E1,0,0,2,2,0.990,OPIUM,D1|A1|Q1|A3|E1,5
D1A1Q1Aa,1,3,3,7,0.122,NEUTRAL,D1|A1|Q1|Aa,4
D1A1Q1J1,2,11,10,23,-1.158,CASTOREUM,D1|A1|Q1|J1,4
D1A1Q1J1A1Ba,0,2,3,5,-0.740,CASTOREUM,D1|A1|Q1|J1|A1|Ba,6
D1A1Q1J1A3,1,3,2,6,0.122,NEUTRAL,D1|A1|Q1|J1|A3,5
D1A1Q1J1Aa,0,2,1,3,-0.740,CASTOREUM,D1|A1|Q1|J1|Aa,5
D1A1Q1J1B1,0,8,5,13,-2.454,CASTOREUM,D1|A1|Q1|J1|B1,5
D1A1Q1J1B1A3,1,1,3,5,1.099,OPIUM,D1|A1|Q1|J1|B1|A3,6
D1A1Q1J1Ba,0,7,7,14,-2.228,CASTOREUM,D1|A1|Q1|J1|Ba,5
D1A1Q1J1BaA3,0,3,2,5,-1.144,CASTOREUM,D1|A1|Q1|J1|Ba|A3,6
D1A1Q1J1K1,0,4,3,7,-1.466,CASTOREUM,D1|A1|Q1|J1|K1,5
D1A1Q1J1K1B1,0,2,0,2,-0.740,CASTOREUM,D1|A1|Q1|J1|K1|B1,6
D1A1Q1J1L1,0,1,1,2,-0.167,NEUTRAL,D1|A1|Q1|J1|L1,5
D1A1Q1K1,2,7,6,15,-0.251,NEUTRAL,D1|A1|Q1|K1,4
D1A1Q1K1A1,0,1,5,6,-0.167,NEUTRAL,D1|A1|Q1|K1|A1,5
D1A1Q1K1B1,2,3,5,10,0.834,OPIUM,D1|A1|Q1|K1|B1,5
D1A1Q1K1Ba,1,2,1,4,0.525,OPIUM,D1|A1|Q1|K1|Ba,5
D1A1Q1K1J1,1,4,4,9,-0.201,NEUTRAL,D1|A1|Q1|K1|J1,5
D1A1Q1K1J1B1,1,5,4,10,-0.478,NEUTRAL,D1|A1|Q1|K1|J1|B1,6
D1A1Q1K1J1Ba,1,2,2,5,0.525,OPIUM,D1|A1|Q1|K1|J1|Ba,6
D1A1Q1K2,3,16,15,34,-2.398,CASTOREUM,D1|A1|Q1|K2,4
D1A1Q1K2A1B1,0,3,5,8,-1.144,CASTOREUM,D1|A1|Q1|K2|A1|B1,6
D1A1Q1K2A1B1A3,1,1,0,2,1.099,OPIUM,D1|A1|Q1|K2|A1|B1|A3,7
D1A1Q1K2A3,0,3,2,5,-1.144,CASTOREUM,D1|A1|Q1|K2|A3,5
D1A1Q1K2Aa,1,0,2,3,2.256,OPIUM,D1|A1|Q1|K2|Aa,5
D1A1Q1K2B1,1,12,9,22,-2.120,CASTOREUM,D1|A1|Q1|K2|B1,5
D1A1Q1K2B1A3,1,4,0,5,-0.201,NEUTRAL,D1|A1|Q1|K2|B1|A3,6
D1A1Q1K2Ba,1,7,6,14,-0.963,CASTOREUM,D1|A1|Q1|K2|Ba,5
D1A1Q1K2K1,0,4,1,5,-1.466,CASTOREUM,D1|A1|Q1|K2|K1,5
D1A1Q1L1,1,4,1,6,-0.201,NEUTRAL,D1|A1|Q1|L1,4
D1A1Q1L1B1,0,2,0,2,-0.740,CASTOREUM,D1|A1|Q1|L1|B1,5
D1A1Q1LbJ1,1,1,0,2,1.099,OPIUM,D1|A1|Q1|Lb|J1,5
D1A1Q1M1,1,9,5,15,-1.411,CASTOREUM,D1|A1|Q1|M1,4
D1A1Q1M1A1,1,0,1,2,2.256,OPIUM,D1|A1|Q1|M1|A1,5
D1A1Q1M1B1,1,0,1,2,2.256,OPIUM,D1|A1|Q1|M1|B1,5
D1A1Q2,2,8,6,16,-0.477,NEUTRAL,D1|A1|Q2,3
D1A1Q2A1,1,4,7,12,-0.201,NEUTRAL,D1|A1|Q2|A1,4
D1A1Q2A1B1,0,3,2,5,-1.144,CASTOREUM,D1|A1|Q2|A1|B1,5
D1A1Q2A1B2K1,0,1,1,2,-0.167,NEUTRAL,D1|A1|Q2|A1|B2|K1,6
D1A1Q2A3,4,14,10,28,-0.834,CASTOREUM,D1|A1|Q2|A3,4
D1A1Q2A3B2,0,2,1,3,-0.740,CASTOREUM,D1|A1|Q2|A3|B2,5
D1A1Q2Aa,0,1,3,4,-0.167,NEUTRAL,D1|A1|Q2|Aa,4
D1A1Q2J1,1,7,7,15,-0.963,CASTOREUM,D1|A1|Q2|J1,4
D1A1Q2J1A1B1,1,1,6,8,1.099,OPIUM,D1|A1|Q2|J1|A1|B1,6
D1A1Q2J1A3,0,2,0,2,-0.740,CASTOREUM,D1|A1|Q2|J1|A3,5
D1A1Q2J1B1,0,9,6,15,-2.676,CASTOREUM,D1|A1|Q2|J1|B1,5
D1A1Q2J1B1A1,0,1,1,2,-0.167,NEUTRAL,D1|A1|Q2|J1|B1|A1,6
D1A1Q2J1B1A3,0,1,2,3,-0.167,NEUTRAL,D1|A1|Q2|J1|B1|A3,6
D1A1Q2J1Ba,0,3,3,6,-1.144,CASTOREUM,D1|A1|Q2|J1|Ba,5
D1A1Q2J1BaA3,0,1,1,2,-0.167,NEUTRAL,D1|A1|Q2|J1|Ba|A3,6
D1A1Q2J1K1,0,2,1,3,-0.740,CASTOREUM,D1|A1|Q2|J1|K1,5
D1A1Q2K1,2,2,5,9,1.237,OPIUM,D1|A1|Q2|K1,4
D1A1Q2K1A1,1,0,2,3,2.256,OPIUM,D1|A1|Q2|K1|A1,5
D1A1Q2K1B1,3,4,3,10,1.099,OPIUM,D1|A1|Q2|K1|B1,5
D1A1Q2K1J1,1,3,2,6,0.122,NEUTRAL,D1|A1|Q2|K1|J1,5
D1A1Q2K1J1B1,0,4,2,6,-1.466,CASTOREUM,D1|A1|Q2|K1|J1|B1,6
D1A1Q2K1J1Ba,0,2,1,3,-0.740,CASTOREUM,D1|A1|Q2|K1|J1|Ba,6
D1A1Q2K1K2B1,0,2,1,3,-0.740,CASTOREUM,D1|A1|Q2|K1|K2|B1,6
D1A1Q2K2,0,12,9,21,-3.386,CASTOREUM,D1|A1|Q2|K2,4
D1A1Q2K2A1,0,2,2,4,-0.740,CASTOREUM,D1|A1|Q2|K2|A1,5
D1A1Q2K2B1,0,7,8,15,-2.228,CASTOREUM,D1|A1|Q2|K2|B1,5
D1A1Q2K2Ba,0,6,2,8,-1.994,CASTOREUM,D1|A1|Q2|K2|Ba,5
D1A1Q2L1B1,0,2,0,2,-0.740,CASTOREUM,D1|A1|Q2|L1|B1,5
D1A1Q2M1B1,1,1,0,2,1.099,OPIUM,D1|A1|Q2|M1|B1,5
D1A1Qa,1,0,1,2,2.256,OPIUM,D1|A1|Qa,3
D1A1QaA3,0,3,1,4,-1.144,CASTOREUM,D1|A1|Qa|A3,4
D1A1T1J1,0,0,2,2,0.990,OPIUM,D1|A1|T1|J1,4
D1A1U1,1,1,5,7,1.099,OPIUM,D1|A1|U1,3
D1A1U1A1,1,0,7,8,2.256,OPIUM,D1|A1|U1|A1,4
D1A1U1J1,1,3,6,10,0.122,NEUTRAL,D1|A1|U1|J1,4
D1A1U1J1A1,0,2,1,3,-0.740,CASTOREUM,D1|A1|U1|J1|A1,5
D1A1U1J1B1,0,0,2,2,0.990,OPIUM,D1|A1|U1|J1|B1,5
D1A1U2,1,0,2,3,2.256,OPIUM,D1|A1|U2,3
D1A3,0,1,1,2,-0.167,NEUTRAL,D1|A3,2
D1J1A3,0,1,1,2,-0.167,NEUTRAL,D1|J1|A3,3
D1J1Q1A1,0,1,1,2,-0.167,NEUTRAL,D1|J1|Q1|A1,4
D1J1Q1K2,1,1,0,2,1.099,OPIUM,D1|J1|Q1|K2,4
D1J1Q2A3,0,2,0,2,-0.740,CASTOREUM,D1|J1|Q2|A3,4
D1M1,0,1,1,2,-0.167,NEUTRAL,D1|M1,2
D1Q1A1,0,1,1,2,-0.167,NEUTRAL,D1|Q1|A1,3
D1Q1A3,0,2,1,3,-0.740,CASTOREUM,D1|Q1|A3,3
D1W2,0,1,1,2,-0.167,NEUTRAL,D1|W2,2
J1A3,0,1,1,2,-0.167,NEUTRAL,J1|A3,2
J1Q2,0,2,0,2,-0.740,CASTOREUM,J1|Q2,2
K1,5,13,20,38,0.201,NEUTRAL,K1,1
K1A1,5,16,23,44,-1.099,CASTOREUM,K1|A1,2
K1A1A3,0,2,1,3,-0.740,CASTOREUM,K1|A1|A3,3
K1A1B1,1,9,15,25,-1.411,CASTOREUM,K1|A1|B1,3
K1A1B1A3,2,5,11,18,0.233,NEUTRAL,K1|A1|B1|A3,4
K1A1B2,3,2,3,8,1.825,OPIUM,K1|A1|B2,3
K1A1B2A1,0,1,1,2,-0.167,NEUTRAL,K1|A1|B2|A1,4
K1A1B2A3,1,0,1,2,2.256,OPIUM,K1|A1|B2|A3,4
K1A1B2Ba,1,0,1,2,2.256,OPIUM,K1|A1|B2|Ba,4
K1A1B2K1J1B1,0,1,1,2,-0.167,NEUTRAL,K1|A1|B2|K1|J1|B1,6
K1A1B2Q1,2,0,1,3,2.968,OPIUM,K1|A1|B2|Q1,4
K1A1B2Q1A3,0,2,2,4,-0.740,CASTOREUM,K1|A1|B2|Q1|A3,5
K1A1B2Q1K2B1,0,1,2,3,-0.167,NEUTRAL,K1|A1|B2|Q1|K2|B1,6
K1A1Ba,0,2,3,5,-0.740,CASTOREUM,K1|A1|Ba,3
K1A1BaA3,1,0,3,4,2.256,OPIUM,K1|A1|Ba|A3,4
K1A1C1A1,1,2,0,3,0.525,OPIUM,K1|A1|C1|A1,4
K1A1C1A3,0,2,0,2,-0.740,CASTOREUM,K1|A1|C1|A3,4
K1A1C2A3,0,1,2,3,-0.167,NEUTRAL,K1|A1|C2|A3,4
K1A1P1K1,0,1,1,2,-0.167,NEUTRAL,K1|A1|P1|K1,4
K1A1P1K1B1,0,0,2,2,0.990,OPIUM,K1|A1|P1|K1|B1,5
K1A1Q1,1,2,7,10,0.525,OPIUM,K1|A1|Q1,3
K1A1Q1A1,0,1,3,4,-0.167,NEUTRAL,K1|A1|Q1|A1,4
K1A1Q1A3,0,8,7,15,-2.454,CASTOREUM,K1|A1|Q1|A3,4
K1A1Q1J1,1,1,1,3,1.099,OPIUM,K1|A1|Q1|J1,4
K1A1Q1J1A1,0,1,1,2,-0.167,NEUTRAL,K1|A1|Q1|J1|A1,5
K1A1Q1J1B1,0,1,1,2,-0.167,NEUTRAL,K1|A1|Q1|J1|B1,5
K1A1Q1K1,0,2,0,2,-0.740,CASTOREUM,K1|A1|Q1|K1,4
K1A1Q1K1J1,0,1,1,2,-0.167,NEUTRAL,K1|A1|Q1|K1|J1,5
K1A1Q1K2,0,1,4,5,-0.167,NEUTRAL,K1|A1|Q1|K2,4
K1A1Q1K2B1,0,1,1,2,-0.167,NEUTRAL,K1|A1|Q1|K2|B1,5
K1A1Q2,0,2,5,7,-0.740,CASTOREUM,K1|A1|Q2,3
K1A1Q2A1,0,0,2,2,0.990,OPIUM,K1|A1|Q2|A1,4
K1A1Q2A3,1,5,6,12,-0.478,NEUTRAL,K1|A1|Q2|A3,4
K1A1Q2J1B1,0,2,0,2,-0.740,CASTOREUM,K1|A1|Q2|J1|B1,5
K1A1U1,1,4,9,14,-0.201,NEUTRAL,K1|A1|U1,3
K1A1U1A3,0,0,2,2,0.990,OPIUM,K1|A1|U1|A3,4
K1A1U1J1,0,2,0,2,-0.740,CASTOREUM,K1|A1|U1|J1,4
K1A1U2,1,2,0,3,0.525,OPIUM,K1|A1|U2,3
K1A1U2J1,0,0,3,3,0.990,OPIUM,K1|A1|U2|J1,4
K1A3B2,0,2,0,2,-0.740,CASTOREUM,K1|A3|B2,3
K1A3B2Q1A3,0,2,0,2,-0.740,CASTOREUM,K1|A3|B2|Q1|A3,5
K1A3C1A3,0,4,2,6,-1.466,CASTOREUM,K1|A3|C1|A3,4
K1Aa,2,0,0,2,2.968,OPIUM,K1|Aa,2
K1AaQ1A3,0,2,0,2,-0.740,CASTOREUM,K1|Aa|Q1|A3,4
K1B1,4,8,7,19,0.699,OPIUM,K1|B1,2
K1B1A1,1,2,3,6,0.525,OPIUM,K1|B1|A1,3
K1B1A3,2,5,6,13,0.233,NEUTRAL,K1|B1|A3,3
K1B1A3B2,0,1,1,2,-0.167,NEUTRAL,K1|B1|A3|B2,4
K1B2A3,0,2,1,3,-0.740,CASTOREUM,K1|B2|A3,3
K1Ba,2,3,1,6,0.834,OPIUM,K1|Ba,2
K1BaA3,1,2,2,5,0.525,OPIUM,K1|Ba|A3,3
K1J1,5,16,17,38,-1.099,CASTOREUM,K1|J1,2
K1J1A1,4,16,23,43,-1.810,CASTOREUM,K1|J1|A1,3
K1J1A1A3,1,2,1,4,0.525,OPIUM,K1|J1|A1|A3,4
K1J1A1B1,3,10,14,27,-0.336,NEUTRAL,K1|J1|A1|B1,4
K1J1A1B1A1,0,0,2,2,0.990,OPIUM,K1|J1|A1|B1|A1,5
K1J1A1B1A3,1,7,10,18,-0.963,CASTOREUM,K1|J1|A1|B1|A3,5
K1J1A1B2Ba,0,0,2,2,0.990,OPIUM,K1|J1|A1|B2|Ba,5
K1J1A1Ba,0,1,2,3,-0.167,NEUTRAL,K1|J1|A1|Ba,4
K1J1A1BaA3,0,0,3,3,0.990,OPIUM,K1|J1|A1|Ba|A3,5
K1J1A1C1A3,0,1,1,2,-0.167,NEUTRAL,K1|J1|A1|C1|A3,5
K1J1A1Q1,0,0,2,2,0.990,OPIUM,K1|J1|A1|Q1,4
K1J1A1Q1A3,2,3,2,7,0.834,OPIUM,K1|J1|A1|Q1|A3,5
K1J1A1Q1J1,0,1,1,2,-0.167,NEUTRAL,K1|J1|A1|Q1|J1,5
K1J1A1Q1J1A1,0,1,1,2,-0.167,NEUTRAL,K1|J1|A1|Q1|J1|A1,6
K1J1A1Q1K1J1,0,1,1,2,-0.167,NEUTRAL,K1|J1|A1|Q1|K1|J1,6
K1J1A1Q1K2,0,2,3,5,-0.740,CASTOREUM,K1|J1|A1|Q1|K2,5
K1J1A1Q2,1,1,1,3,1.099,OPIUM,K1|J1|A1|Q2,4
K1J1A1Q2A3,0,0,2,2,0.990,OPIUM,K1|J1|A1|Q2|A3,5
K1J1A1T1J1,0,1,1,2,-0.167,NEUTRAL,K1|J1|A1|T1|J1,5
K1J1A1U2,0,1,1,2,-0.167,NEUTRAL,K1|J1|A1|U2,4
K1J1A2Q1A3,0,3,0,3,-1.144,CASTOREUM,K1|J1|A2|Q1|A3,5
K1J1A3,0,8,6,14,-2.454,CASTOREUM,K1|J1|A3,3
K1J1A3C1A3,0,1,1,2,-0.167,NEUTRAL,K1|J1|A3|C1|A3,5
K1J1Aa,0,2,5,7,-0.740,CASTOREUM,K1|J1|Aa,3
K1J1B1,3,13,10,26,-1.099,CASTOREUM,K1|J1|B1,3
K1J1B1A1,1,0,2,3,2.256,OPIUM,K1|J1|B1|A1,4
K1J1B1A3,1,8,9,18,-1.188,CASTOREUM,K1|J1|B1|A3,4
K1J1Ba,3,13,5,21,-1.099,CASTOREUM,K1|J1|Ba,3
K1J1BaA3,2,8,4,14,-0.477,NEUTRAL,K1|J1|Ba|A3,4
K1J1P1,0,1,2,3,-0.167,NEUTRAL,K1|J1|P1,3
K1J1P1K1A3,0,2,0,2,-0.740,CASTOREUM,K1|J1|P1|K1|A3,5
K1J1Q1,0,5,7,12,-1.744,CASTOREUM,K1|J1|Q1,3
K1J1Q1A1,0,0,2,2,0.990,OPIUM,K1|J1|Q1|A1,4
K1J1Q1A3,2,4,4,10,0.511,OPIUM,K1|J1|Q1|A3,4
K1J1Q1Aa,1,0,1,2,2.256,OPIUM,K1|J1|Q1|Aa,4
K1J1Q1K2,0,2,2,4,-0.740,CASTOREUM,K1|J1|Q1|K2,4
K1J1Q2,0,3,2,5,-1.144,CASTOREUM,K1|J1|Q2,3
K1J1Q2A3,1,3,2,6,0.122,NEUTRAL,K1|J1|Q2|A3,4
K1J1Q2K1,0,0,2,2,0.990,OPIUM,K1|J1|Q2|K1,4
K1J1U1,0,8,4,12,-2.454,CASTOREUM,K1|J1|U1,3
K1J1U1A1,0,1,1,2,-0.167,NEUTRAL,K1|J1|U1|A1,4
K1J1U2,0,6,0,6,-1.994,CASTOREUM,K1|J1|U2,3
K1J1U2J1,0,1,1,2,-0.167,NEUTRAL,K1|J1|U2|J1,4
K1K1,0,1,1,2,-0.167,NEUTRAL,K1|K1,2
K1K2,4,15,18,37,-1.237,CASTOREUM,K1|K2,2
K1K2A1B1,1,2,3,6,0.525,OPIUM,K1|K2|A1|B1,4
K1K2A3,0,1,1,2,-0.167,NEUTRAL,K1|K2|A3,3
K1K2B1,2,5,7,14,0.233,NEUTRAL,K1|K2|B1,3
K1K2B1A3,1,2,4,7,0.525,OPIUM,K1|K2|B1|A3,4
K1K2Ba,1,5,1,7,-0.478,NEUTRAL,K1|K2|Ba,3
K1K2Q1,0,4,2,6,-1.466,CASTOREUM,K1|K2|Q1,3
K1K2Q1A3,0,2,1,3,-0.740,CASTOREUM,K1|K2|Q1|A3,4
K1K2Q2,0,2,0,2,-0.740,CASTOREUM,K1|K2|Q2,3
K1K2Q2K2,0,2,0,2,-0.740,CASTOREUM,K1|K2|Q2|K2,4
K1M1,0,3,1,4,-1.144,CASTOREUM,K1|M1,2
K1P1A3,0,0,2,2,0.990,OPIUM,K1|P1|A3,3
K1P1K1,0,2,1,3,-0.740,CASTOREUM,K1|P1|K1,3
K1P1K1J1A1,0,1,1,2,-0.167,NEUTRAL,K1|P1|K1|J1|A1,5
K1Q1,1,1,2,4,1.099,OPIUM,K1|Q1,2
K1Q1A3,1,9,8,18,-1.411,CASTOREUM,K1|Q1|A3,3
K1Q1J1,0,1,4,5,-0.167,NEUTRAL,K1|Q1|J1,3
K1Q1K1A1,0,0,3,3,0.990,OPIUM,K1|Q1|K1|A1,4
K1Q1K2,0,3,2,5,-1.144,CASTOREUM,K1|Q1|K2,3
K1Q2,1,1,2,4,1.099,OPIUM,K1|Q2,2
K1Q2A3,0,9,2,11,-2.676,CASTOREUM,K1|Q2|A3,3
K1Q2K1,0,0,2,2,0.990,OPIUM,K1|Q2|K1,3
K1T1,0,3,2,5,-1.144,CASTOREUM,K1|T1,2
K1T1J1B1,0,0,2,2,0.990,OPIUM,K1|T1|J1|B1,4
K1T2A1,1,1,0,2,1.099,OPIUM,K1|T2|A1,3
K1U1,3,10,10,23,-0.336,NEUTRAL,K1|U1,2
K1U1A1,0,2,0,2,-0.740,CASTOREUM,K1|U1|A1,3
K1U1A1B1,0,1,1,2,-0.167,NEUTRAL,K1|U1|A1|B1,4
K1U1A3,1,3,0,4,0.122,NEUTRAL,K1|U1|A3,3
K1U1B1,0,1,1,2,-0.167,NEUTRAL,K1|U1|B1,3
K1U1J1B1,0,4,0,4,-1.466,CASTOREUM,K1|U1|J1|B1,4
K1U2,2,9,5,16,-0.699,CASTOREUM,K1|U2,2
K1U2A3,1,2,1,4,0.525,OPIUM,K1|U2|A3,3
K1U2B1,1,0,1,2,2.256,OPIUM,K1|U2|B1,3
K1U2J1,0,3,1,4,-1.144,CASTOREUM,K1|U2|J1,3
K1U2J1B1,0,1,1,2,-0.167,NEUTRAL,K1|U2|J1|B1,4
K1W1,0,4,0,4,-1.466,CASTOREUM,K1|W1,2
K1W2,0,2,0,2,-0.740,CASTOREUM,K1|W2,2
K2,0,1,1,2,-0.167,NEUTRAL,K2,1
K2A1,0,1,1,2,-0.167,NEUTRAL,K2|A1,2
L1,3,11,18,32,-0.571,CASTOREUM,L1,1
L1A1A3,0,2,0,2,-0.740,CASTOREUM,L1|A1|A3,3
L1A1B1,1,6,10,17,-0.729,CASTOREUM,L1|A1|B1,3
L1A1B1A3,1,3,5,9,0.122,NEUTRAL,L1|A1|B1|A3,4
L1A1B2Q1A3,0,2,0,2,-0.740,CASTOREUM,L1|A1|B2|Q1|A3,5
L1A1C2A3,0,1,1,2,-0.167,NEUTRAL,L1|A1|C2|A3,4
L1A1Q1,0,0,2,2,0.990,OPIUM,L1|A1|Q1,3
L1A1Q1A1,1,0,1,2,2.256,OPIUM,L1|A1|Q1|A1,4
L1A1Q1A3,0,3,0,3,-1.144,CASTOREUM,L1|A1|Q1|A3,4
L1A1Q1K1,0,1,1,2,-0.167,NEUTRAL,L1|A1|Q1|K1,4
L1A1U1,0,1,4,5,-0.167,NEUTRAL,L1|A1|U1,3
L1A1U2,0,0,3,3,0.990,OPIUM,L1|A1|U2,3
L1A3,0,10,7,17,-2.901,CASTOREUM,L1|A3,2
L1B1,1,4,3,8,-0.201,NEUTRAL,L1|B1,2
L1B1A3,0,3,1,4,-1.144,CASTOREUM,L1|B1|A3,3
L1Ba,1,2,1,4,0.525,OPIUM,L1|Ba,2
L1J1,4,13,18,35,-0.511,CASTOREUM,L1|J1,2
L1J1A1A3,0,0,2,2,0.990,OPIUM,L1|J1|A1|A3,4
L1J1A1B1,2,6,9,17,-0.017,NEUTRAL,L1|J1|A1|B1,4
L1J1A1B1A1,0,0,2,2,0.990,OPIUM,L1|J1|A1|B1|A1,5
L1J1A1B1A3,0,1,3,4,-0.167,NEUTRAL,L1|J1|A1|B1|A3,5
L1J1A1Ba,0,1,1,2,-0.167,NEUTRAL,L1|J1|A1|Ba,4
L1J1A1K2,0,0,2,2,0.990,OPIUM,L1|J1|A1|K2,4
L1J1A1Q1,0,3,2,5,-1.144,CASTOREUM,L1|J1|A1|Q1,4
L1J1A1Q1A3,0,1,1,2,-0.167,NEUTRAL,L1|J1|A1|Q1|A3,5
L1J1A1Q2A3,0,2,1,3,-0.740,CASTOREUM,L1|J1|A1|Q2|A3,5
L1J1A1T1,0,1,1,2,-0.167,NEUTRAL,L1|J1|A1|T1,4
L1J1A1U1J1,0,1,2,3,-0.167,NEUTRAL,L1|J1|A1|U1|J1,5
L1J1A1U2,1,1,0,2,1.099,OPIUM,L1|J1|A1|U2,4
L1J1A2Q1A3,0,1,1,2,-0.167,NEUTRAL,L1|J1|A2|Q1|A3,5
L1J1A3,0,8,5,13,-2.454,CASTOREUM,L1|J1|A3,3
L1J1Aa,0,2,2,4,-0.740,CASTOREUM,L1|J1|Aa,3
L1J1B1,1,14,8,23,-2.721,CASTOREUM,L1|J1|B1,3
L1J1B1A3,1,7,3,11,-0.963,CASTOREUM,L1|J1|B1|A3,4
L1J1Ba,0,11,6,17,-3.135,CASTOREUM,L1|J1|Ba,3
L1J1BaA3,0,4,1,5,-1.466,CASTOREUM,L1|J1|Ba|A3,4
L1J1Q1,1,4,2,7,-0.201,NEUTRAL,L1|J1|Q1,3
L1J1Q1A3,0,4,0,4,-1.466,CASTOREUM,L1|J1|Q1|A3,4
L1J1Q1K1,0,2,0,2,-0.740,CASTOREUM,L1|J1|Q1|K1,4
L1J1Q2,0,2,0,2,-0.740,CASTOREUM,L1|J1|Q2,3
L1J1U1,0,6,0,6,-1.994,CASTOREUM,L1|J1|U1,3
L1J1U1J1,0,1,1,2,-0.167,NEUTRAL,L1|J1|U1|J1,4
L1J1U2,0,3,0,3,-1.144,CASTOREUM,L1|J1|U2,3
L1K1,0,2,1,3,-0.740,CASTOREUM,L1|K1,2
L1K2,1,13,18,32,-2.398,CASTOREUM,L1|K2,2
L1K2A1,1,3,4,8,0.122,NEUTRAL,L1|K2|A1,3
L1K2A1B1,0,1,1,2,-0.167,NEUTRAL,L1|K2|A1|B1,4
L1K2A1B1A3,0,2,0,2,-0.740,CASTOREUM,L1|K2|A1|B1|A3,5
L1K2Aa,0,2,1,3,-0.740,CASTOREUM,L1|K2|Aa,3
L1K2B1,1,6,4,11,-0.729,CASTOREUM,L1|K2|B1,3
L1K2B1A3,0,1,1,2,-0.167,NEUTRAL,L1|K2|B1|A3,4
L1K2Ba,0,3,1,4,-1.144,CASTOREUM,L1|K2|Ba,3
L1K2Q1,0,5,0,5,-1.744,CASTOREUM,L1|K2|Q1,3
L1K2Q1A3,1,1,0,2,1.099,OPIUM,L1|K2|Q1|A3,4
L1K2Q2,0,1,1,2,-0.167,NEUTRAL,L1|K2|Q2,3
L1M1,0,1,2,3,-0.167,NEUTRAL,L1|M1,2
L1Q1,1,4,0,5,-0.201,NEUTRAL,L1|Q1,2
L1Q1A3,0,5,0,5,-1.744,CASTOREUM,L1|Q1|A3,3
L1Q1K1J1B1,0,2,0,2,-0.740,CASTOREUM,L1|Q1|K1|J1|B1,5
L1Q1K2,1,2,0,3,0.525,OPIUM,L1|Q1|K2,3
L1Q2A3,0,3,0,3,-1.144,CASTOREUM,L1|Q2|A3,3
L1U1,0,7,1,8,-2.228,CASTOREUM,L1|U1,2
L1U1J1,0,2,1,3,-0.740,CASTOREUM,L1|U1|J1,3
L1U2,0,5,1,6,-1.744,CASTOREUM,L1|U2,2
L1U2J1,0,1,1,2,-0.167,NEUTRAL,L1|U2|J1,3
L1W1,0,1,1,2,-0.167,NEUTRAL,L1|W1,2
LbA1Q1A1,1,0,1,2,2.256,OPIUM,Lb|A1|Q1|A1,4
LbA3,0,1,1,2,-0.167,NEUTRAL,Lb|A3,2
LbB1,0,2,0,2,-0.740,CASTOREUM,Lb|B1,2
LbJ1,0,6,0,6,-1.994,CASTOREUM,Lb|J1,2
LbJ1A1,0,5,1,6,-1.744,CASTOREUM,Lb|J1|A1,3
LbJ1B1,0,3,1,4,-1.144,CASTOREUM,Lb|J1|B1,3
LbJ1B1A3,0,1,1,2,-0.167,NEUTRAL,Lb|J1|B1|A3,4
LbK2,0,4,4,8,-1.466,CASTOREUM,Lb|K2,2
LbK2B1,0,3,3,6,-1.144,CASTOREUM,Lb|K2|B1,3
M1,0,3,4,7,-1.144,CASTOREUM,M1,1
M1B1,1,1,0,2,1.099,OPIUM,M1|B1,2
P1,0,1,1,2,-0.167,NEUTRAL,P1,1
P1A1,1,4,3,8,-0.201,NEUTRAL,P1|A1,2
P1A1A3,0,1,1,2,-0.167,NEUTRAL,P1|A1|A3,3
P1A1B2,0,1,1,2,-0.167,NEUTRAL,P1|A1|B2,3
P1A1B2A1,0,1,2,3,-0.167,NEUTRAL,P1|A1|B2|A1,4
P1A1B2A3,0,4,2,6,-1.466,CASTOREUM,P1|A1|B2|A3,4
P1A1B2A3C1A3,0,2,0,2,-0.740,CASTOREUM,P1|A1|B2|A3|C1|A3,6
P1A1B2K1J1,0,1,1,2,-0.167,NEUTRAL,P1|A1|B2|K1|J1,5
P1A1B2K1J1B1,0,2,0,2,-0.740,CASTOREUM,P1|A1|B2|K1|J1|B1,6
P1A1B2K1J1Ba,0,1,1,2,-0.167,NEUTRAL,P1|A1|B2|K1|J1|Ba,6
P1A1C1A3,0,1,2,3,-0.167,NEUTRAL,P1|A1|C1|A3,4
P1A3,1,3,3,7,0.122,NEUTRAL,P1|A3,2
P1A3F3A3,0,2,0,2,-0.740,CASTOREUM,P1|A3|F3|A3,4
P1AaC1A3,0,0,2,2,0.990,OPIUM,P1|Aa|C1|A3,4
P1B1A3,0,0,2,2,0.990,OPIUM,P1|B1|A3,3
P1K1A1,0,5,2,7,-1.744,CASTOREUM,P1|K1|A1,3
P1K1A1B1,0,1,1,2,-0.167,NEUTRAL,P1|K1|A1|B1,4
P1K1A1B1A3,0,3,2,5,-1.144,CASTOREUM,P1|K1|A1|B1|A3,5
P1K1A1B2,1,1,0,2,1.099,OPIUM,P1|K1|A1|B2,4
P1K1A1B2Q1,0,1,1,2,-0.167,NEUTRAL,P1|K1|A1|B2|Q1,5
P1K1B1,0,2,1,3,-0.740,CASTOREUM,P1|K1|B1,3
P1K1B1A3,0,1,5,6,-0.167,NEUTRAL,P1|K1|B1|A3,4
P1K1J1,0,1,4,5,-0.167,NEUTRAL,P1|K1|J1,3
P1K1J1A1B1,0,4,0,4,-1.466,CASTOREUM,P1|K1|J1|A1|B1,5
P1K1J1A1B1A3,0,2,2,4,-0.740,CASTOREUM,P1|K1|J1|A1|B1|A3,6
P1K1J1A3,0,2,0,2,-0.740,CASTOREUM,P1|K1|J1|A3,4
P1K1J1B1,0,7,2,9,-2.228,CASTOREUM,P1|K1|J1|B1,4
P1K1J1B1A3,2,4,2,8,0.511,OPIUM,P1|K1|J1|B1|A3,5
P1K1J1Ba,0,2,0,2,-0.740,CASTOREUM,P1|K1|J1|Ba,4
P1K1J1BaA3,0,2,0,2,-0.740,CASTOREUM,P1|K1|J1|Ba|A3,5
P1L1A1B1A3,0,0,2,2,0.990,OPIUM,P1|L1|A1|B1|A3,5
P1L1J1A1B1,0,1,1,2,-0.167,NEUTRAL,P1|L1|J1|A1|B1,5
P1L1J1B1,0,1,1,2,-0.167,NEUTRAL,P1|L1|J1|B1,4
P2K1,1,1,0,2,1.099,OPIUM,P2|K1,2
P2K1J1A1,0,0,2,2,0.990,OPIUM,P2|K1|J1|A1,4
P2K1J1B1,0,1,1,2,-0.167,NEUTRAL,P2|K1|J1|B1,4
P2K1J1Ba,0,2,0,2,-0.740,CASTOREUM,P2|K1|J1|Ba,4
P2K1K2,0,2,1,3,-0.740,CASTOREUM,P2|K1|K2,3
P2L1J1B1,0,2,0,2,-0.740,CASTOREUM,P2|L1|J1|B1,4
Q1,1,3,3,7,0.122,NEUTRAL,Q1,1
Q1A1B1,0,1,1,2,-0.167,NEUTRAL,Q1|A1|B1,3
Q1A1B2K1J1,0,0,2,2,0.990,OPIUM,Q1|A1|B2|K1|J1,5
Q1A1B2Q1A3,0,0,2,2,0.990,OPIUM,Q1|A1|B2|Q1|A3,5
Q1A3,3,11,10,24,-0.571,CASTOREUM,Q1|A3,2
Q1A3C1,1,0,2,3,2.256,OPIUM,Q1|A3|C1,3
Q1A3F3A3,0,0,2,2,0.990,OPIUM,Q1|A3|F3|A3,4
Q1J1,1,4,1,6,-0.201,NEUTRAL,Q1|J1,2
Q1J1A1,0,6,5,11,-1.994,CASTOREUM,Q1|J1|A1,3
Q1J1A1B1,0,3,3,6,-1.144,CASTOREUM,Q1|J1|A1|B1,4
Q1J1A1B1A3,1,1,1,3,1.099,OPIUM,Q1|J1|A1|B1|A3,5
Q1J1A1C1A3,0,2,0,2,-0.740,CASTOREUM,Q1|J1|A1|C1|A3,5
Q1J1B1,1,4,1,6,-0.201,NEUTRAL,Q1|J1|B1,3
Q1J1B1A3,0,2,1,3,-0.740,CASTOREUM,Q1|J1|B1|A3,4
Q1J1Ba,0,2,1,3,-0.740,CASTOREUM,Q1|J1|Ba,3
Q1J1K1,0,2,0,2,-0.740,CASTOREUM,Q1|J1|K1,3
Q1J1K1J1B1,0,1,1,2,-0.167,NEUTRAL,Q1|J1|K1|J1|B1,5
Q1J1L1J1,0,1,1,2,-0.167,NEUTRAL,Q1|J1|L1|J1,4
Q1K1,1,1,0,2,1.099,OPIUM,Q1|K1,2
Q1K1B1,1,1,1,3,1.099,OPIUM,Q1|K1|B1,3
Q1K1J1,1,4,3,8,-0.201,NEUTRAL,Q1|K1|J1,3
Q1K1J1A1,1,1,0,2,1.099,OPIUM,Q1|K1|J1|A1,4
Q1K1J1A1B1,0,1,2,3,-0.167,NEUTRAL,Q1|K1|J1|A1|B1,5
Q1K1J1A1B1A3,0,2,0,2,-0.740,CASTOREUM,Q1|K1|J1|A1|B1|A3,6
Q1K1J1B1,1,2,3,6,0.525,OPIUM,Q1|K1|J1|B1,4
Q1K1J1Ba,0,2,2,4,-0.740,CASTOREUM,Q1|K1|J1|Ba,4
Q1K1K2A1,0,2,0,2,-0.740,CASTOREUM,Q1|K1|K2|A1,4
Q1K2,0,12,7,19,-3.386,CASTOREUM,Q1|K2,2
Q1K2A1,1,2,6,9,0.525,OPIUM,Q1|K2|A1,3
Q1K2A1B1,0,0,4,4,0.990,OPIUM,Q1|K2|A1|B1,4
Q1K2A1B1A3,0,2,1,3,-0.740,CASTOREUM,Q1|K2|A1|B1|A3,5
Q1K2B1,1,8,1,10,-1.188,CASTOREUM,Q1|K2|B1,3
Q1K2B1A3,0,2,1,3,-0.740,CASTOREUM,Q1|K2|B1|A3,4
Q1K2Ba,0,6,1,7,-1.994,CASTOREUM,Q1|K2|Ba,3
Q1L1J1,0,1,1,2,-0.167,NEUTRAL,Q1|L1|J1,3
Q1L1J1A1B1,0,2,1,3,-0.740,CASTOREUM,Q1|L1|J1|A1|B1,5
Q1L1J1Ba,1,2,0,3,0.525,OPIUM,Q1|L1|J1|Ba,4
Q1L1K2A1,0,1,1,2,-0.167,NEUTRAL,Q1|L1|K2|A1,4
Q1M1,1,4,2,7,-0.201,NEUTRAL,Q1|M1,2
Q1M1A1,0,1,1,2,-0.167,NEUTRAL,Q1|M1|A1,3
Q2A1A3,0,0,3,3,0.990,OPIUM,Q2|A1|A3,3
Q2A1B1,0,1,1,2,-0.167,NEUTRAL,Q2|A1|B1,3
Q2A1B1A3,3,0,0,3,3.555,OPIUM,Q2|A1|B1|A3,4
Q2A1BaA3,1,0,1,2,2.256,OPIUM,Q2|A1|Ba|A3,4
Q2A1Q1A3,0,2,0,2,-0.740,CASTOREUM,Q2|A1|Q1|A3,4
Q2A1U1,0,1,2,3,-0.167,NEUTRAL,Q2|A1|U1,3
Q2A3,3,12,10,25,-0.821,CASTOREUM,Q2|A3,2
Q2A3C1A1,0,2,1,3,-0.740,CASTOREUM,Q2|A3|C1|A1,4
Q2A3C1A3,0,1,1,2,-0.167,NEUTRAL,Q2|A3|C1|A3,4
Q2A3E1,0,1,1,2,-0.167,NEUTRAL,Q2|A3|E1,3
Q2J1,0,2,3,5,-0.740,CASTOREUM,Q2|J1,2
Q2J1A1,2,2,7,11,1.237,OPIUM,Q2|J1|A1,3
Q2J1A1B1,0,4,0,4,-1.466,CASTOREUM,Q2|J1|A1|B1,4
Q2J1A1B1A3,1,0,3,4,2.256,OPIUM,Q2|J1|A1|B1|A3,5
Q2J1B1,0,3,1,4,-1.144,CASTOREUM,Q2|J1|B1,3
Q2J1B1A3,1,4,1,6,-0.201,NEUTRAL,Q2|J1|B1|A3,4
Q2J1Ba,1,2,1,4,0.525,OPIUM,Q2|J1|Ba,3
Q2J1BaA3,1,0,1,2,2.256,OPIUM,Q2|J1|Ba|A3,4
Q2K1A1B1,0,1,1,2,-0.167,NEUTRAL,Q2|K1|A1|B1,4
Q2K1A3,0,2,0,2,-0.740,CASTOREUM,Q2|K1|A3,3
Q2K1B1,1,2,1,4,0.525,OPIUM,Q2|K1|B1,3
Q2K1B1A1,1,0,1,2,2.256,OPIUM,Q2|K1|B1|A1,4
Q2K1B1A3,1,1,0,2,1.099,OPIUM,Q2|K1|B1|A3,4
Q2K1J1,0,5,3,8,-1.744,CASTOREUM,Q2|K1|J1,3
Q2K1J1A1,0,2,2,4,-0.740,CASTOREUM,Q2|K1|J1|A1,4
Q2K1J1A1B1,0,2,2,4,-0.740,CASTOREUM,Q2|K1|J1|A1|B1,5
Q2K1J1B1,1,5,4,10,-0.478,NEUTRAL,Q2|K1|J1|B1,4
Q2K1J1B1A1,1,0,2,3,2.256,OPIUM,Q2|K1|J1|B1|A1,5
Q2K1J1B1A3,1,1,0,2,1.099,OPIUM,Q2|K1|J1|B1|A3,5
Q2K1J1Ba,0,1,1,2,-0.167,NEUTRAL,Q2|K1|J1|Ba,4
Q2K2,0,4,2,6,-1.466,CASTOREUM,Q2|K2,2
Q2K2A1,0,1,2,3,-0.167,NEUTRAL,Q2|K2|A1,3
Q2K2A1B1,0,1,1,2,-0.167,NEUTRAL,Q2|K2|A1|B1,4
Q2K2A1B1A3,0,1,1,2,-0.167,NEUTRAL,Q2|K2|A1|B1|A3,5
Q2K2B1,2,4,0,6,0.511,OPIUM,Q2|K2|B1,3
Q2K2B1A3,0,1,2,3,-0.167,NEUTRAL,Q2|K2|B1|A3,4
Q2K2Ba,0,3,1,4,-1.144,CASTOREUM,Q2|K2|Ba,3
Q2L1A1,1,3,1,5,0.122,NEUTRAL,Q2|L1|A1,3
Q2L1J1,0,2,1,3,-0.740,CASTOREUM,Q2|L1|J1,3
Q2L1J1A1B1A3,0,0,2,2,0.990,OPIUM,Q2|L1|J1|A1|B1|A3,6
Q2L1J1B1,0,2,2,4,-0.740,CASTOREUM,Q2|L1|J1|B1,4
Q2L1J1B1A3,0,0,2,2,0.990,OPIUM,Q2|L1|J1|B1|A3,5
Q2M1B1,0,1,1,2,-0.167,NEUTRAL,Q2|M1|B1,3
Q2M1Ba,0,1,1,2,-0.167,NEUTRAL,Q2|M1|Ba,3
QaA3,0,1,1,2,-0.167,NEUTRAL,Qa|A3,2
T1A1A3,0,1,1,2,-0.167,NEUTRAL,T1|A1|A3,3
T1A3,0,1,1,2,-0.167,NEUTRAL,T1|A3,2
T1J1,1,1,1,3,1.099,OPIUM,T1|J1,2
T1J1B1,1,2,1,4,0.525,OPIUM,T1|J1|B1,3
T2J1,0,1,2,3,-0.167,NEUTRAL,T2|J1,2
T2J1A1,0,1,2,3,-0.167,NEUTRAL,T2|J1|A1,3
U1,1,2,3,6,0.525,OPIUM,U1,1
U1A3,0,2,0,2,-0.740,CASTOREUM,U1|A3,2
U1Aa,0,1,1,2,-0.167,NEUTRAL,U1|Aa,2
U1J1,2,2,6,10,1.237,OPIUM,U1|J1,2
U1J1A1,0,2,4,6,-0.740,CASTOREUM,U1|J1|A1,3
U1K2,1,1,4,6,1.099,OPIUM,U1|K2,2
U1K2A1,0,0,2,2,0.990,OPIUM,U1|K2|A1,3
U2,1,2,4,7,0.525,OPIUM,U2,1
U2A1B1,0,0,4,4,0.990,OPIUM,U2|A1|B1,3
U2A1B1A3,0,0,2,2,0.990,OPIUM,U2|A1|B1|A3,4
U2J1,2,8,9,19,-0.477,NEUTRAL,U2|J1,2
U2J1A1B1,1,0,2,3,2.256,OPIUM,U2|J1|A1|B1,4
U2J1B1,0,2,3,5,-0.740,CASTOREUM,U2|J1|B1,3
U2K2,1,3,3,7,0.122,NEUTRAL,U2|K2,2
U7J1,1,1,2,4,1.099,OPIUM,U7|J1,2
W2,0,1,1,2,-0.167,NEUTRAL,W2,1
Z1Z1,1,1,0,2,1.099,OPIUM,Z1|Z1,2
